,PST,Max TemperatureC,Mean TemperatureC,Min TemperatureC,Dew PointC,MeanDew PointC,Min DewpointC,Max Humidity,Mean Humidity,Min Humidity,Max Sea Level PressurehPa,Mean Sea Level PressurehPa,Min Sea Level PressurehPa,Max VisibilityKm,Mean VisibilityKm,Min VisibilitykM,Max Wind SpeedKm/h,Mean Wind SpeedKm/h,Max Gust SpeedKm/h,Precipitationmm,CloudCover,Events,WindDirDegrees
2013-01-01 00:00:00-08:00,2013-01-01 00:00:00-08:00,12,9,6,4.0,3.0,1.0,83,69,54,1026,1024,1023,16,16,14.0,32,13,35,2015-04-11 00:00:00,2.0,None,77
2013-01-02 00:00:00-08:00,2013-01-02 00:00:00-08:00,13,8,3,7.0,2.0,-1.0,85,68,50,1024,1023,1021,16,16,16.0,13,4,35,0.0,0.0,None,140
2013-01-03 00:00:00-08:00,2013-01-03 00:00:00-08:00,12,7,3,6.0,3.0,1.0,85,73,61,1025,1023,1022,16,16,14.0,13,2,14,0.0,2.0,None,126
2013-01-04 00:00:00-08:00,2013-01-04 00:00:00-08:00,13,9,4,6.0,3.0,2.0,82,68,54,1026,1024,1022,16,15,13.0,13,4,14,0.0,2.0,None,116
2013-01-05 00:00:00-08:00,2013-01-05 00:00:00-08:00,12,8,5,9.0,7.0,2.0,93,85,76,1025,1021,1018,16,14,5.0,35,5,39,1.52,7.0,Rain,151
2013-01-06 00:00:00-08:00,2013-01-06 00:00:00-08:00,11,10,8,8.0,6.0,5.0,86,77,68,1023,1021,1017,16,16,6.0,39,13,42,2015-04-11 00:00:00,7.0,Rain,358
2013-01-07 00:00:00-08:00,2013-01-07 00:00:00-08:00,14,9,5,9.0,7.0,4.0,93,83,72,1025,1023,1022,16,15,13.0,19,5,23,0.0,4.0,None,312
2013-01-08 00:00:00-08:00,2013-01-08 00:00:00-08:00,13,10,6,8.0,7.0,4.0,92,79,66,1024,1022,1021,16,14,6.0,11,4,14,0.0,2.0,None,18
2013-01-09 00:00:00-08:00,2013-01-09 00:00:00-08:00,13,9,6,9.0,6.0,2.0,89,75,61,1021,1019,1017,16,12,2.0,40,15,53,1.02,6.0,Rain,279
2013-01-10 00:00:00-08:00,2013-01-10 00:00:00-08:00,11,9,7,2.0,1.0,-1.0,70,60,50,1023,1020,1019,16,16,16.0,39,23,48,0.0,3.0,None,295
2013-01-11 00:00:00-08:00,2013-01-11 00:00:00-08:00,11,9,7,4.0,2.0,-2.0,76,63,49,1025,1023,1021,16,16,16.0,39,18,47,0.0,4.0,None,302
2013-01-12 00:00:00-08:00,2013-01-12 00:00:00-08:00,9,7,3,3.0,-1.0,-3.0,76,59,42,1025,1023,1021,16,16,16.0,21,8,24,0.0,2.0,None,24
2013-01-13 00:00:00-08:00,2013-01-13 00:00:00-08:00,10,6,2,1.0,-3.0,-9.0,65,47,28,1025,1023,1022,16,16,16.0,32,12,39,0.0,1.0,None,30
2013-01-14 00:00:00-08:00,2013-01-14 00:00:00-08:00,11,7,2,0.0,-5.0,-8.0,70,50,29,1030,1028,1024,16,16,16.0,37,13,42,0.0,1.0,None,76
2013-01-15 00:00:00-08:00,2013-01-15 00:00:00-08:00,12,7,1,3.0,0.0,-3.0,85,60,35,1032,1031,1030,16,16,16.0,21,5,27,0.0,3.0,None,353
2013-01-16 00:00:00-08:00,2013-01-16 00:00:00-08:00,11,7,2,4.0,1.0,-2.0,82,66,50,1031,1028,1025,16,15,11.0,14,3,16,0.0,0.0,None,120
2013-01-17 00:00:00-08:00,2013-01-17 00:00:00-08:00,15,9,3,6.0,2.0,-1.0,85,64,43,1025,1023,1021,16,16,14.0,14,5,19,0.0,0.0,None,138
2013-01-18 00:00:00-08:00,2013-01-18 00:00:00-08:00,17,11,4,5.0,3.0,1.0,85,62,39,1024,1022,1021,16,16,13.0,11,2,16,0.0,1.0,None,144
2013-01-19 00:00:00-08:00,2013-01-19 00:00:00-08:00,16,10,4,6.0,3.0,1.0,86,62,37,1025,1023,1021,16,16,14.0,11,1,14,0.0,2.0,None,130
2013-01-20 00:00:00-08:00,2013-01-20 00:00:00-08:00,17,11,4,7.0,3.0,0.0,82,61,39,1024,1022,1021,16,16,14.0,11,2,14,0.0,1.0,None,117
2013-01-21 00:00:00-08:00,2013-01-21 00:00:00-08:00,13,8,3,7.0,5.0,2.0,89,68,47,1022,1021,1019,16,16,16.0,13,3,16,0.0,1.0,None,79
2013-01-22 00:00:00-08:00,2013-01-22 00:00:00-08:00,14,9,5,7.0,4.0,1.0,86,69,51,1020,1018,1016,16,15,13.0,13,3,19,0.0,4.0,None,117
2013-01-23 00:00:00-08:00,2013-01-23 00:00:00-08:00,13,12,10,9.0,8.0,6.0,89,80,71,1019,1017,1015,16,11,5.0,23,6,32,2.54,7.0,Rain,23
2013-01-24 00:00:00-08:00,2013-01-24 00:00:00-08:00,13,12,10,10.0,9.0,8.0,93,85,77,1022,1021,1019,16,10,5.0,13,5,14,0.0,8.0,None,87
2013-01-25 00:00:00-08:00,2013-01-25 00:00:00-08:00,17,14,11,11.0,9.0,8.0,89,78,67,1022,1020,1018,16,12,5.0,29,9,35,0.0,5.0,None,312
2013-01-26 00:00:00-08:00,2013-01-26 00:00:00-08:00,13,12,9,10.0,7.0,4.0,96,76,55,1019,1017,1016,16,15,3.0,53,30,61,0.0,4.0,Fog,275
2013-01-27 00:00:00-08:00,2013-01-27 00:00:00-08:00,12,9,7,4.0,3.0,2.0,71,61,50,1022,1021,1019,16,16,16.0,37,20,45,2015-04-11 00:00:00,1.0,None,300
2013-01-28 00:00:00-08:00,2013-01-28 00:00:00-08:00,13,11,7,6.0,4.0,2.0,82,69,55,1026,1024,1022,16,16,16.0,35,18,42,0.0,5.0,None,301
2013-01-29 00:00:00-08:00,2013-01-29 00:00:00-08:00,13,11,7,7.0,5.0,3.0,82,71,59,1028,1027,1026,16,16,16.0,34,13,39,0.0,4.0,None,285
2013-01-30 00:00:00-08:00,2013-01-30 00:00:00-08:00,16,11,6,9.0,6.0,4.0,89,72,55,1028,1026,1025,16,16,16.0,21,5,24,0.0,1.0,None,317
2013-01-31 00:00:00-08:00,2013-01-31 00:00:00-08:00,17,11,6,8.0,6.0,3.0,89,75,61,1026,1024,1022,16,16,14.0,14,4,16,0.0,0.0,None,333
2013-02-01 00:00:00-08:00,2013-02-01 00:00:00-08:00,18,12,7,9.0,7.0,5.0,93,71,48,1024,1022,1020,16,14,6.0,21,5,24,0.0,2.0,None,172
2013-02-02 00:00:00-08:00,2013-02-02 00:00:00-08:00,13,11,8,9.0,7.0,6.0,93,83,72,1026,1025,1024,16,11,6.0,27,15,34,0.0,6.0,None,289
2013-02-03 00:00:00-08:00,2013-02-03 00:00:00-08:00,13,11,8,7.0,6.0,4.0,86,73,59,1025,1023,1021,16,16,14.0,29,17,34,0.0,2.0,None,283
2013-02-04 00:00:00-08:00,2013-02-04 00:00:00-08:00,12,9,7,8.0,7.0,6.0,93,85,77,1022,1020,1019,16,15,11.0,27,8,34,0.0,6.0,None,293
2013-02-05 00:00:00-08:00,2013-02-05 00:00:00-08:00,13,11,8,8.0,6.0,3.0,86,76,66,1021,1020,1019,16,16,16.0,39,21,47,0.0,6.0,None,274
2013-02-06 00:00:00-08:00,2013-02-06 00:00:00-08:00,13,9,4,6.0,5.0,3.0,86,69,51,1023,1022,1021,16,16,16.0,39,13,45,0.0,2.0,None,272
2013-02-07 00:00:00-08:00,2013-02-07 00:00:00-08:00,13,9,6,6.0,4.0,3.0,89,72,54,1022,1020,1016,16,15,11.0,32,13,40,3.56,6.0,Rain,222
2013-02-08 00:00:00-08:00,2013-02-08 00:00:00-08:00,11,8,5,5.0,3.0,-2.0,89,65,41,1017,1015,1014,16,16,16.0,39,14,47,2.79,4.0,Rain,291
2013-02-09 00:00:00-08:00,2013-02-09 00:00:00-08:00,13,9,5,4.0,1.0,-2.0,76,56,35,1019,1018,1016,16,16,16.0,23,10,26,0.0,0.0,None,271
2013-02-10 00:00:00-08:00,2013-02-10 00:00:00-08:00,15,9,3,6.0,2.0,-2.0,82,61,39,1021,1019,1017,16,16,16.0,24,9,29,0.0,1.0,None,263
2013-02-11 00:00:00-08:00,2013-02-11 00:00:00-08:00,17,11,5,7.0,2.0,-4.0,86,56,25,1024,1022,1019,16,16,16.0,32,7,34,0.0,1.0,None,268
2013-02-12 00:00:00-08:00,2013-02-12 00:00:00-08:00,14,10,5,7.0,5.0,2.0,89,73,57,1029,1027,1025,16,15,13.0,29,9,35,0.0,3.0,None,283
2013-02-13 00:00:00-08:00,2013-02-13 00:00:00-08:00,15,10,5,8.0,6.0,2.0,93,75,57,1028,1026,1024,16,13,5.0,32,10,35,0.0,2.0,None,299
2013-02-14 00:00:00-08:00,2013-02-14 00:00:00-08:00,20,13,6,8.0,6.0,4.0,96,68,40,1024,1023,1021,16,15,10.0,21,6,24,0.0,1.0,None,151
2013-02-15 00:00:00-08:00,2013-02-15 00:00:00-08:00,20,14,8,8.0,6.0,2.0,80,57,34,1025,1024,1023,16,16,16.0,13,2,23,0.0,0.0,None,101
2013-02-16 00:00:00-08:00,2013-02-16 00:00:00-08:00,19,14,9,9.0,8.0,6.0,86,66,45,1024,1021,1019,16,15,11.0,39,13,47,0.0,3.0,None,307
2013-02-17 00:00:00-08:00,2013-02-17 00:00:00-08:00,15,12,9,8.0,6.0,5.0,86,72,57,1019,1017,1015,16,16,16.0,35,18,39,0.0,1.0,None,278
2013-02-18 00:00:00-08:00,2013-02-18 00:00:00-08:00,11,9,7,6.0,4.0,1.0,86,71,56,1018,1016,1015,16,16,16.0,29,19,37,2015-04-11 00:00:00,6.0,Rain,259
2013-02-19 00:00:00-08:00,2013-02-19 00:00:00-08:00,9,7,5,6.0,3.0,0.0,83,72,60,1015,1011,1008,16,14,5.0,39,18,50,10.67,6.0,Rain,267
2013-02-20 00:00:00-08:00,2013-02-20 00:00:00-08:00,13,9,4,5.0,3.0,-1.0,77,62,47,1019,1015,1012,16,16,16.0,39,20,50,0.0,1.0,None,284
2013-02-21 00:00:00-08:00,2013-02-21 00:00:00-08:00,14,11,7,5.0,3.0,0.0,77,59,40,1022,1020,1018,16,16,16.0,39,16,45,0.0,1.0,None,299
2013-02-22 00:00:00-08:00,2013-02-22 00:00:00-08:00,16,10,4,6.0,4.0,2.0,83,63,42,1025,1024,1022,16,16,16.0,48,15,58,0.0,3.0,None,277
2013-02-23 00:00:00-08:00,2013-02-23 00:00:00-08:00,13,11,8,9.0,4.0,0.0,86,66,46,1025,1024,1022,16,15,6.0,45,23,53,2015-04-11 00:00:00,4.0,Rain,283
2013-02-24 00:00:00-08:00,2013-02-24 00:00:00-08:00,16,12,8,4.0,1.0,-5.0,76,52,27,1025,1024,1022,16,16,16.0,39,18,48,0.0,1.0,None,314
2013-02-25 00:00:00-08:00,2013-02-25 00:00:00-08:00,14,11,6,7.0,5.0,2.0,83,70,57,1026,1024,1023,16,16,14.0,39,14,45,0.0,2.0,None,274
2013-02-26 00:00:00-08:00,2013-02-26 00:00:00-08:00,17,11,5,5.0,3.0,-2.0,82,57,31,1024,1023,1021,16,16,16.0,39,12,45,0.0,1.0,None,270
2013-02-27 00:00:00-08:00,2013-02-27 00:00:00-08:00,18,11,4,8.0,6.0,0.0,86,64,42,1029,1026,1024,16,16,13.0,39,14,47,0.0,3.0,None,285
2013-02-28 00:00:00-08:00,2013-02-28 00:00:00-08:00,16,12,8,9.0,8.0,7.0,93,79,64,1032,1030,1029,16,16,14.0,37,16,42,0.0,4.0,Fog,274
2013-03-01 00:00:00-08:00,2013-03-01 00:00:00-08:00,22,15,8,11.0,8.0,6.0,100,75,49,1031,1028,1024,16,10,0.0,32,7,37,0.0,3.0,Fog,330
2013-03-02 00:00:00-08:00,2013-03-02 00:00:00-08:00,17,14,11,11.0,9.0,8.0,89,76,62,1024,1021,1019,16,16,16.0,27,9,34,0.0,6.0,None,307
2013-03-03 00:00:00-08:00,2013-03-03 00:00:00-08:00,15,12,9,8.0,7.0,6.0,83,73,62,1020,1019,1019,16,15,14.0,39,20,48,2015-04-11 00:00:00,7.0,None,276
2013-03-04 00:00:00-08:00,2013-03-04 00:00:00-08:00,13,11,8,6.0,5.0,4.0,86,73,59,1022,1020,1019,16,16,14.0,39,15,47,0.0,5.0,None,267
2013-03-05 00:00:00-08:00,2013-03-05 00:00:00-08:00,13,10,6,7.0,4.0,3.0,83,69,55,1019,1015,1011,16,15,6.0,53,22,69,3.56,6.0,Rain,188
2013-03-06 00:00:00-08:00,2013-03-06 00:00:00-08:00,13,10,7,9.0,5.0,3.0,77,64,51,1019,1016,1011,16,15,6.0,56,19,69,1.52,6.0,Rain,226
2013-03-07 00:00:00-08:00,2013-03-07 00:00:00-08:00,13,9,6,7.0,5.0,2.0,86,68,50,1016,1013,1012,16,15,8.0,29,11,34,2.03,7.0,Rain,296
2013-03-08 00:00:00-08:00,2013-03-08 00:00:00-08:00,13,11,8,7.0,6.0,4.0,93,78,63,1018,1014,1011,16,16,16.0,63,34,72,2015-04-11 00:00:00,6.0,None,277
2013-03-09 00:00:00-08:00,2013-03-09 00:00:00-08:00,16,12,7,7.0,6.0,4.0,83,65,46,1027,1024,1019,16,16,16.0,47,18,53,0.0,1.0,None,288
2013-03-10 00:00:00-08:00,2013-03-10 00:00:00-08:00,19,13,6,7.0,6.0,3.0,86,62,37,1028,1026,1025,16,16,16.0,37,10,42,0.0,2.0,None,290
2013-03-11 00:00:00-07:00,2013-03-11 00:00:00-07:00,18,12,6,9.0,6.0,2.0,86,65,43,1025,1023,1020,16,16,16.0,35,14,40,0.0,4.0,None,297
2013-03-12 00:00:00-07:00,2013-03-12 00:00:00-07:00,19,14,8,10.0,8.0,7.0,93,77,60,1022,1020,1019,16,13,4.0,42,16,50,0.0,4.0,Fog,302
2013-03-13 00:00:00-07:00,2013-03-13 00:00:00-07:00,24,16,7,11.0,8.0,6.0,93,69,44,1022,1020,1018,16,11,0.0,37,13,45,0.0,4.0,Fog,316
2013-03-14 00:00:00-07:00,2013-03-14 00:00:00-07:00,16,12,8,8.0,7.0,7.0,93,74,55,1022,1021,1019,16,15,8.0,42,20,52,0.0,5.0,Fog,291
2013-03-15 00:00:00-07:00,2013-03-15 00:00:00-07:00,18,13,8,9.0,8.0,6.0,93,83,72,1021,1020,1018,16,16,13.0,47,19,53,0.0,6.0,None,292
2013-03-16 00:00:00-07:00,2013-03-16 00:00:00-07:00,17,13,8,8.0,7.0,6.0,93,73,53,1020,1019,1018,16,15,10.0,56,23,64,0.0,5.0,None,275
2013-03-17 00:00:00-07:00,2013-03-17 00:00:00-07:00,17,13,9,7.0,6.0,4.0,80,66,51,1021,1020,1019,16,16,16.0,50,22,60,0.0,3.0,None,277
2013-03-18 00:00:00-07:00,2013-03-18 00:00:00-07:00,16,12,7,8.0,6.0,4.0,83,69,55,1021,1019,1017,16,16,16.0,39,11,45,0.0,5.0,None,291
2013-03-19 00:00:00-07:00,2013-03-19 00:00:00-07:00,18,13,9,9.0,5.0,-4.0,80,54,28,1021,1020,1018,16,16,14.0,34,7,37,0.51,7.0,Rain,308
2013-03-20 00:00:00-07:00,2013-03-20 00:00:00-07:00,17,13,10,12.0,9.0,7.0,93,77,60,1021,1020,1019,16,15,6.0,34,14,39,0.25,8.0,Fog-Rain,239
2013-03-21 00:00:00-07:00,2013-03-21 00:00:00-07:00,15,11,7,7.0,5.0,3.0,83,65,47,1021,1020,1017,16,16,16.0,40,19,47,0.0,1.0,None,276
2013-03-22 00:00:00-07:00,2013-03-22 00:00:00-07:00,17,12,6,6.0,3.0,-4.0,86,56,26,1020,1019,1018,16,16,14.0,39,17,47,0.0,0.0,None,288
2013-03-23 00:00:00-07:00,2013-03-23 00:00:00-07:00,18,12,6,6.0,4.0,-3.0,86,56,25,1021,1019,1018,16,16,13.0,39,14,45,0.0,2.0,None,284
2013-03-24 00:00:00-07:00,2013-03-24 00:00:00-07:00,16,12,7,7.0,6.0,4.0,83,69,55,1020,1018,1016,16,16,14.0,42,16,48,0.0,2.0,None,288
2013-03-25 00:00:00-07:00,2013-03-25 00:00:00-07:00,13,11,8,6.0,5.0,4.0,86,73,59,1017,1016,1015,16,16,16.0,40,20,47,0.0,6.0,None,270
2013-03-26 00:00:00-07:00,2013-03-26 00:00:00-07:00,16,13,9,7.0,6.0,5.0,80,66,51,1017,1016,1014,16,16,16.0,37,19,45,0.0,6.0,Rain,280
2013-03-27 00:00:00-07:00,2013-03-27 00:00:00-07:00,18,14,10,11.0,8.0,6.0,86,75,63,1017,1015,1015,16,16,16.0,26,11,35,0.0,7.0,None,183
2013-03-28 00:00:00-07:00,2013-03-28 00:00:00-07:00,19,16,12,11.0,11.0,10.0,89,74,58,1019,1017,1016,16,16,16.0,29,13,34,2015-04-11 00:00:00,6.0,None,256
2013-03-29 00:00:00-07:00,2013-03-29 00:00:00-07:00,23,17,10,12.0,9.0,8.0,89,69,49,1019,1018,1017,16,15,8.0,39,12,47,2015-04-11 00:00:00,6.0,None,304
2013-03-30 00:00:00-07:00,2013-03-30 00:00:00-07:00,18,14,11,11.0,10.0,9.0,89,75,60,1019,1017,1015,16,16,16.0,34,11,39,2.03,6.0,Rain,261
2013-03-31 00:00:00-07:00,2013-03-31 00:00:00-07:00,18,16,12,12.0,11.0,9.0,86,75,64,1018,1017,1016,16,16,13.0,39,13,48,2.54,6.0,Rain,166
2013-04-01 00:00:00-07:00,2013-04-01 00:00:00-07:00,18,15,11,12.0,10.0,8.0,89,73,56,1022,1020,1018,16,14,3.0,32,12,35,3.56,5.0,Rain,227
2013-04-02 00:00:00-07:00,2013-04-02 00:00:00-07:00,16,13,10,10.0,9.0,8.0,89,78,67,1023,1021,1020,16,16,13.0,40,22,48,0.0,5.0,Fog,283
2013-04-03 00:00:00-07:00,2013-04-03 00:00:00-07:00,20,15,9,11.0,8.0,8.0,93,75,56,1021,1019,1016,16,15,8.0,39,13,45,0.0,6.0,Fog,296
2013-04-04 00:00:00-07:00,2013-04-04 00:00:00-07:00,18,15,12,12.0,11.0,7.0,93,82,71,1021,1018,1016,16,15,6.0,35,16,45,7.87,8.0,Rain,197
2013-04-05 00:00:00-07:00,2013-04-05 00:00:00-07:00,18,15,12,11.0,10.0,8.0,86,71,56,1023,1021,1020,16,16,14.0,32,12,39,2015-04-11 00:00:00,7.0,None,258
2013-04-06 00:00:00-07:00,2013-04-06 00:00:00-07:00,17,14,12,12.0,10.0,8.0,89,78,67,1023,1022,1021,16,14,2.0,27,13,34,0.25,7.0,Fog-Rain,232
2013-04-07 00:00:00-07:00,2013-04-07 00:00:00-07:00,17,13,10,11.0,9.0,7.0,89,77,64,1022,1019,1012,16,15,5.0,61,19,90,0.25,7.0,Rain,249
2013-04-08 00:00:00-07:00,2013-04-08 00:00:00-07:00,17,13,9,9.0,4.0,1.0,71,55,39,1017,1014,1010,16,16,16.0,76,39,97,0.0,3.0,None,287
2013-04-09 00:00:00-07:00,2013-04-09 00:00:00-07:00,20,15,10,7.0,4.0,-1.0,74,53,31,1019,1018,1017,16,16,16.0,45,28,52,0.0,0.0,None,300
2013-04-10 00:00:00-07:00,2013-04-10 00:00:00-07:00,27,19,11,11.0,8.0,6.0,89,61,32,1022,1020,1018,16,16,16.0,63,26,72,0.0,2.0,None,278
2013-04-11 00:00:00-07:00,2013-04-11 00:00:00-07:00,18,14,9,8.0,7.0,6.0,86,65,44,1019,1015,1012,16,15,13.0,58,32,66,0.0,3.0,None,269
2013-04-12 00:00:00-07:00,2013-04-12 00:00:00-07:00,17,13,8,9.0,7.0,6.0,86,71,55,1014,1012,1011,16,15,11.0,48,23,56,0.0,2.0,None,281
2013-04-13 00:00:00-07:00,2013-04-13 00:00:00-07:00,16,13,9,7.0,6.0,4.0,74,61,47,1013,1012,1011,16,16,13.0,71,31,82,0.0,3.0,None,268
2013-04-14 00:00:00-07:00,2013-04-14 00:00:00-07:00,16,12,8,8.0,4.0,1.0,86,62,37,1014,1013,1012,16,16,16.0,63,32,74,0.0,2.0,None,268
2013-04-15 00:00:00-07:00,2013-04-15 00:00:00-07:00,14,11,8,8.0,3.0,1.0,83,65,47,1015,1013,1012,16,16,14.0,74,40,89,2015-04-11 00:00:00,2.0,Rain,281
2013-04-16 00:00:00-07:00,2013-04-16 00:00:00-07:00,17,12,7,5.0,2.0,-1.0,71,52,32,1022,1019,1015,16,16,16.0,47,23,53,0.0,1.0,None,278
2013-04-17 00:00:00-07:00,2013-04-17 00:00:00-07:00,19,15,10,5.0,2.0,-2.0,71,49,27,1026,1024,1022,16,16,16.0,45,29,52,0.0,0.0,None,319
2013-04-18 00:00:00-07:00,2013-04-18 00:00:00-07:00,23,16,8,8.0,4.0,-1.0,77,50,23,1025,1024,1023,16,16,16.0,39,13,45,0.0,0.0,None,287
2013-04-19 00:00:00-07:00,2013-04-19 00:00:00-07:00,22,16,9,11.0,8.0,6.0,80,64,48,1024,1022,1019,16,16,16.0,45,19,52,0.0,1.0,None,294
2013-04-20 00:00:00-07:00,2013-04-20 00:00:00-07:00,23,17,10,9.0,7.0,6.0,80,59,38,1020,1018,1016,16,16,16.0,45,22,52,0.0,0.0,None,289
2013-04-21 00:00:00-07:00,2013-04-21 00:00:00-07:00,26,18,9,11.0,7.0,4.0,77,53,28,1018,1016,1014,16,16,16.0,34,12,39,0.0,0.0,None,300
2013-04-22 00:00:00-07:00,2013-04-22 00:00:00-07:00,28,19,11,12.0,8.0,5.0,77,51,25,1015,1013,1011,16,16,16.0,35,11,42,0.0,0.0,None,300
2013-04-23 00:00:00-07:00,2013-04-23 00:00:00-07:00,24,17,9,8.0,6.0,-3.0,83,50,17,1014,1013,1012,16,16,16.0,42,16,50,0.0,1.0,None,306
2013-04-24 00:00:00-07:00,2013-04-24 00:00:00-07:00,20,14,8,8.0,7.0,6.0,86,66,45,1014,1012,1011,16,16,14.0,27,12,37,0.0,2.0,None,286
2013-04-25 00:00:00-07:00,2013-04-25 00:00:00-07:00,18,15,12,8.0,8.0,7.0,77,65,52,1021,1018,1015,16,16,16.0,37,17,42,0.0,3.0,None,254
2013-04-26 00:00:00-07:00,2013-04-26 00:00:00-07:00,16,14,11,8.0,7.0,7.0,77,66,55,1024,1023,1021,16,16,16.0,45,17,53,0.0,4.0,None,275
2013-04-27 00:00:00-07:00,2013-04-27 00:00:00-07:00,16,13,9,8.0,8.0,7.0,86,73,60,1024,1022,1019,16,16,14.0,45,19,52,0.0,4.0,Fog,283
2013-04-28 00:00:00-07:00,2013-04-28 00:00:00-07:00,22,15,8,11.0,8.0,6.0,86,63,39,1019,1016,1012,16,16,14.0,37,13,47,0.0,2.0,None,302
2013-04-29 00:00:00-07:00,2013-04-29 00:00:00-07:00,27,19,11,13.0,9.0,7.0,77,56,35,1013,1011,1009,16,16,14.0,50,23,61,0.0,1.0,None,292
2013-04-30 00:00:00-07:00,2013-04-30 00:00:00-07:00,20,15,10,8.0,6.0,-3.0,80,58,35,1011,1010,1009,16,15,11.0,42,24,50,0.0,2.0,None,288
2013-05-01 00:00:00-07:00,2013-05-01 00:00:00-07:00,26,19,13,8.0,3.0,-4.0,67,41,15,1019,1015,1011,16,16,16.0,39,13,45,0.0,0.0,None,284
2013-05-02 00:00:00-07:00,2013-05-02 00:00:00-07:00,32,23,13,11.0,2.0,-6.0,67,40,12,1021,1020,1019,16,16,14.0,27,8,34,0.0,0.0,None,318
2013-05-03 00:00:00-07:00,2013-05-03 00:00:00-07:00,29,22,13,13.0,4.0,-5.0,72,41,10,1019,1014,1009,16,16,16.0,35,14,42,0.0,0.0,None,305
2013-05-04 00:00:00-07:00,2013-05-04 00:00:00-07:00,29,21,12,13.0,8.0,6.0,77,51,24,1009,1005,1002,16,16,14.0,45,15,58,0.0,1.0,None,269
2013-05-05 00:00:00-07:00,2013-05-05 00:00:00-07:00,21,17,13,9.0,8.0,7.0,67,56,44,1010,1006,1003,16,16,16.0,45,20,53,2015-04-11 00:00:00,6.0,Rain,170
2013-05-06 00:00:00-07:00,2013-05-06 00:00:00-07:00,21,18,15,11.0,9.0,8.0,72,59,45,1015,1012,1010,16,16,16.0,29,13,39,2015-04-11 00:00:00,7.0,Rain,188
2013-05-07 00:00:00-07:00,2013-05-07 00:00:00-07:00,22,17,12,11.0,9.0,8.0,89,67,44,1018,1016,1015,16,16,16.0,27,15,40,0.0,5.0,None,263
2013-05-08 00:00:00-07:00,2013-05-08 00:00:00-07:00,16,14,12,10.0,9.0,8.0,89,76,62,1022,1020,1018,16,16,16.0,37,20,45,0.0,8.0,None,269
2013-05-09 00:00:00-07:00,2013-05-09 00:00:00-07:00,17,14,11,8.0,8.0,7.0,77,69,60,1023,1022,1020,16,16,16.0,45,26,52,0.0,7.0,None,270
2013-05-10 00:00:00-07:00,2013-05-10 00:00:00-07:00,16,13,11,9.0,9.0,8.0,89,77,64,1023,1022,1021,16,15,8.0,42,23,50,0.0,6.0,None,277
2013-05-11 00:00:00-07:00,2013-05-11 00:00:00-07:00,21,16,11,12.0,9.0,9.0,89,71,52,1022,1020,1018,16,16,13.0,42,18,48,0.0,5.0,None,305
2013-05-12 00:00:00-07:00,2013-05-12 00:00:00-07:00,21,16,12,12.0,10.0,9.0,89,69,49,1022,1020,1017,16,16,16.0,45,22,52,0.0,3.0,None,288
2013-05-13 00:00:00-07:00,2013-05-13 00:00:00-07:00,18,14,11,11.0,9.0,8.0,89,73,56,1020,1017,1015,16,16,16.0,47,25,58,0.0,2.0,None,283
2013-05-14 00:00:00-07:00,2013-05-14 00:00:00-07:00,18,15,12,9.0,8.0,6.0,77,63,48,1017,1015,1014,16,16,16.0,45,24,52,0.0,2.0,None,261
2013-05-15 00:00:00-07:00,2013-05-15 00:00:00-07:00,17,14,11,10.0,8.0,6.0,89,69,48,1019,1017,1016,16,16,16.0,63,36,77,0.0,5.0,None,258
2013-05-16 00:00:00-07:00,2013-05-16 00:00:00-07:00,18,15,12,12.0,10.0,8.0,89,75,60,1018,1017,1016,16,16,16.0,48,29,56,0.0,7.0,None,265
2013-05-17 00:00:00-07:00,2013-05-17 00:00:00-07:00,18,15,12,9.0,8.0,7.0,77,65,52,1019,1017,1016,16,16,16.0,42,26,52,0.0,3.0,None,267
2013-05-18 00:00:00-07:00,2013-05-18 00:00:00-07:00,19,16,11,9.0,8.0,7.0,83,66,48,1021,1020,1019,16,16,16.0,63,30,74,0.0,3.0,None,269
2013-05-19 00:00:00-07:00,2013-05-19 00:00:00-07:00,24,17,11,10.0,8.0,6.0,83,58,33,1021,1019,1016,16,16,16.0,48,19,56,0.0,0.0,None,286
2013-05-20 00:00:00-07:00,2013-05-20 00:00:00-07:00,28,20,12,12.0,8.0,5.0,77,51,25,1016,1015,1014,16,16,16.0,40,17,53,0.0,2.0,None,289
2013-05-21 00:00:00-07:00,2013-05-21 00:00:00-07:00,17,13,9,8.0,7.0,4.0,77,63,48,1016,1015,1014,16,16,16.0,77,45,90,0.0,2.0,None,275
2013-05-22 00:00:00-07:00,2013-05-22 00:00:00-07:00,17,13,9,6.0,3.0,-1.0,74,55,36,1017,1016,1014,16,16,16.0,58,29,66,0.0,1.0,None,280
2013-05-23 00:00:00-07:00,2013-05-23 00:00:00-07:00,17,13,9,6.0,5.0,4.0,80,63,46,1017,1016,1014,16,16,16.0,50,32,63,0.0,1.0,None,273
2013-05-24 00:00:00-07:00,2013-05-24 00:00:00-07:00,17,13,9,6.0,6.0,4.0,80,63,46,1017,1016,1015,16,16,16.0,53,30,71,0.0,1.0,None,263
2013-05-25 00:00:00-07:00,2013-05-25 00:00:00-07:00,16,13,10,9.0,7.0,6.0,83,67,51,1018,1017,1015,16,16,16.0,56,33,72,0.0,5.0,None,260
2013-05-26 00:00:00-07:00,2013-05-26 00:00:00-07:00,19,16,12,11.0,9.0,9.0,93,75,56,1021,1020,1019,16,15,6.0,48,28,53,0.0,6.0,None,267
2013-05-27 00:00:00-07:00,2013-05-27 00:00:00-07:00,17,14,12,12.0,11.0,9.0,89,79,69,1021,1020,1016,16,16,11.0,32,16,37,0.25,8.0,Rain,262
2013-05-28 00:00:00-07:00,2013-05-28 00:00:00-07:00,18,16,13,12.0,11.0,9.0,86,73,60,1016,1015,1014,16,16,16.0,40,19,50,0.0,6.0,None,266
2013-05-29 00:00:00-07:00,2013-05-29 00:00:00-07:00,18,15,11,11.0,9.0,7.0,80,68,56,1016,1015,1013,16,16,16.0,50,26,60,0.0,4.0,None,275
2013-05-30 00:00:00-07:00,2013-05-30 00:00:00-07:00,18,14,11,8.0,7.0,6.0,83,66,48,1016,1015,1014,16,16,16.0,53,32,64,0.0,1.0,None,269
2013-05-31 00:00:00-07:00,2013-05-31 00:00:00-07:00,23,17,10,9.0,7.0,6.0,80,57,33,1017,1015,1014,16,16,14.0,48,23,56,0.0,0.0,None,293
2013-06-01 00:00:00-07:00,2013-06-01 00:00:00-07:00,25,18,11,11.0,8.0,7.0,77,57,36,1014,1011,1009,16,16,14.0,48,24,58,0.25,2.0,None,293
2013-06-02 00:00:00-07:00,2013-06-02 00:00:00-07:00,18,14,10,9.0,8.0,8.0,86,71,56,1009,1008,1006,16,16,16.0,42,25,48,0.0,1.0,None,287
2013-06-03 00:00:00-07:00,2013-06-03 00:00:00-07:00,23,17,11,12.0,9.0,8.0,83,64,44,1011,1009,1007,16,16,16.0,23,11,27,0.0,2.0,None,225
2013-06-04 00:00:00-07:00,2013-06-04 00:00:00-07:00,21,17,12,11.0,9.0,9.0,83,68,52,1015,1013,1011,16,16,16.0,27,16,34,0.0,2.0,None,289
2013-06-05 00:00:00-07:00,2013-06-05 00:00:00-07:00,19,16,12,9.0,9.0,8.0,83,70,56,1016,1015,1014,16,16,16.0,34,21,42,0.0,4.0,None,280
2013-06-06 00:00:00-07:00,2013-06-06 00:00:00-07:00,19,16,12,10.0,9.0,9.0,83,70,56,1015,1013,1012,16,16,16.0,39,21,48,0.0,4.0,None,295
2013-06-07 00:00:00-07:00,2013-06-07 00:00:00-07:00,23,17,11,12.0,11.0,9.0,83,65,46,1013,1010,1007,16,16,16.0,35,14,42,0.0,3.0,None,305
2013-06-08 00:00:00-07:00,2013-06-08 00:00:00-07:00,26,19,13,15.0,12.0,9.0,78,62,46,1009,1007,1006,16,16,14.0,26,13,35,0.0,1.0,None,348
2013-06-09 00:00:00-07:00,2013-06-09 00:00:00-07:00,21,18,15,13.0,11.0,10.0,84,69,53,1012,1011,1009,16,16,16.0,35,18,47,0.0,4.0,None,216
2013-06-10 00:00:00-07:00,2013-06-10 00:00:00-07:00,21,18,14,11.0,9.0,9.0,77,62,47,1014,1013,1011,16,16,16.0,39,18,50,0.0,5.0,None,218
2013-06-11 00:00:00-07:00,2013-06-11 00:00:00-07:00,19,16,13,11.0,9.0,8.0,83,68,52,1016,1014,1013,16,16,14.0,37,19,47,0.0,7.0,None,285
2013-06-12 00:00:00-07:00,2013-06-12 00:00:00-07:00,19,16,11,8.0,8.0,7.0,83,64,45,1017,1015,1013,16,16,16.0,64,30,77,0.0,1.0,None,277
2013-06-13 00:00:00-07:00,2013-06-13 00:00:00-07:00,19,15,11,8.0,8.0,7.0,77,63,48,1020,1018,1016,16,16,16.0,45,27,53,0.0,1.0,None,279
2013-06-14 00:00:00-07:00,2013-06-14 00:00:00-07:00,26,18,11,12.0,8.0,7.0,77,57,36,1016,1013,1011,16,16,16.0,45,18,53,0.0,2.0,None,287
2013-06-15 00:00:00-07:00,2013-06-15 00:00:00-07:00,17,14,11,9.0,8.0,8.0,83,72,60,1017,1014,1011,16,16,16.0,39,19,52,0.0,2.0,None,273
2013-06-16 00:00:00-07:00,2013-06-16 00:00:00-07:00,20,16,11,9.0,9.0,8.0,83,68,52,1020,1019,1016,16,16,16.0,53,30,63,0.0,1.0,None,282
2013-06-17 00:00:00-07:00,2013-06-17 00:00:00-07:00,18,15,12,11.0,11.0,8.0,86,75,63,1020,1019,1018,16,16,10.0,52,35,61,0.0,4.0,None,271
2013-06-18 00:00:00-07:00,2013-06-18 00:00:00-07:00,18,16,12,12.0,10.0,9.0,93,75,56,1019,1017,1015,16,16,11.0,60,36,71,0.0,5.0,None,269
2013-06-19 00:00:00-07:00,2013-06-19 00:00:00-07:00,19,16,12,10.0,8.0,7.0,83,66,48,1019,1017,1017,16,16,16.0,60,35,74,0.0,2.0,None,275
2013-06-20 00:00:00-07:00,2013-06-20 00:00:00-07:00,19,16,11,9.0,8.0,7.0,83,64,45,1017,1016,1015,16,16,16.0,61,33,74,0.0,1.0,None,276
2013-06-21 00:00:00-07:00,2013-06-21 00:00:00-07:00,22,16,11,10.0,9.0,8.0,83,66,48,1016,1015,1014,16,16,16.0,45,23,56,0.0,1.0,None,285
2013-06-22 00:00:00-07:00,2013-06-22 00:00:00-07:00,23,17,11,12.0,9.0,8.0,86,65,44,1014,1013,1011,16,16,16.0,53,26,69,0.0,2.0,None,285
2013-06-23 00:00:00-07:00,2013-06-23 00:00:00-07:00,20,17,13,14.0,13.0,11.0,93,81,68,1012,1011,1010,16,15,8.0,42,16,53,2015-04-11 00:00:00,7.0,None,255
2013-06-24 00:00:00-07:00,2013-06-24 00:00:00-07:00,18,16,13,14.0,13.0,11.0,93,80,67,1013,1011,1009,16,16,14.0,32,17,39,0.76,8.0,Rain,238
2013-06-25 00:00:00-07:00,2013-06-25 00:00:00-07:00,22,19,17,16.0,15.0,12.0,84,76,68,1015,1014,1012,16,16,13.0,29,13,40,0.51,7.0,Rain,172
2013-06-26 00:00:00-07:00,2013-06-26 00:00:00-07:00,26,21,17,17.0,16.0,14.0,93,74,54,1018,1016,1015,16,16,16.0,35,15,42,0.0,4.0,None,324
2013-06-27 00:00:00-07:00,2013-06-27 00:00:00-07:00,26,21,16,16.0,13.0,12.0,90,67,43,1019,1018,1017,16,16,14.0,40,21,47,0.0,2.0,None,285
2013-06-28 00:00:00-07:00,2013-06-28 00:00:00-07:00,28,22,15,15.0,13.0,11.0,80,63,45,1017,1015,1013,16,16,16.0,45,21,56,0.0,2.0,None,301
2013-06-29 00:00:00-07:00,2013-06-29 00:00:00-07:00,29,23,16,14.0,12.0,11.0,72,55,37,1013,1012,1009,16,16,16.0,47,21,52,0.0,0.0,None,295
2013-06-30 00:00:00-07:00,2013-06-30 00:00:00-07:00,22,18,14,12.0,12.0,11.0,86,72,57,1011,1010,1009,16,16,16.0,42,27,48,0.0,3.0,None,294
2013-07-01 00:00:00-07:00,2013-07-01 00:00:00-07:00,26,20,13,14.0,12.0,11.0,93,70,46,1011,1010,1010,16,16,16.0,40,20,50,0.0,3.0,None,300
2013-07-02 00:00:00-07:00,2013-07-02 00:00:00-07:00,28,21,14,14.0,13.0,12.0,80,61,42,1013,1012,1010,16,16,16.0,47,23,53,2015-04-11 00:00:00,4.0,None,296
2013-07-03 00:00:00-07:00,2013-07-03 00:00:00-07:00,27,21,14,15.0,13.0,12.0,87,66,45,1013,1011,1008,16,16,16.0,42,17,52,0.0,5.0,None,311
2013-07-04 00:00:00-07:00,2013-07-04 00:00:00-07:00,25,20,15,14.0,12.0,7.0,78,61,44,1009,1007,1006,16,16,16.0,47,21,53,0.0,2.0,None,294
2013-07-05 00:00:00-07:00,2013-07-05 00:00:00-07:00,18,16,13,11.0,9.0,9.0,83,73,63,1010,1009,1007,16,15,11.0,63,27,76,0.0,4.0,None,245
2013-07-06 00:00:00-07:00,2013-07-06 00:00:00-07:00,22,18,13,11.0,10.0,9.0,83,66,49,1010,1009,1007,16,16,16.0,29,11,35,0.0,1.0,None,232
2013-07-07 00:00:00-07:00,2013-07-07 00:00:00-07:00,22,18,13,12.0,11.0,9.0,80,67,53,1012,1010,1009,16,16,16.0,32,14,37,0.0,4.0,None,295
2013-07-08 00:00:00-07:00,2013-07-08 00:00:00-07:00,21,17,13,12.0,11.0,9.0,86,71,55,1015,1013,1012,16,16,16.0,35,15,40,0.0,3.0,None,301
2013-07-09 00:00:00-07:00,2013-07-09 00:00:00-07:00,22,17,12,13.0,11.0,10.0,93,73,53,1017,1016,1014,16,16,13.0,45,22,50,0.0,3.0,None,304
2013-07-10 00:00:00-07:00,2013-07-10 00:00:00-07:00,21,16,12,12.0,11.0,10.0,93,76,58,1016,1015,1013,16,16,16.0,40,23,48,0.0,3.0,None,292
2013-07-11 00:00:00-07:00,2013-07-11 00:00:00-07:00,19,16,12,11.0,9.0,9.0,89,73,56,1015,1014,1013,16,16,14.0,40,19,48,0.0,3.0,None,267
2013-07-12 00:00:00-07:00,2013-07-12 00:00:00-07:00,19,16,12,12.0,9.0,9.0,77,67,56,1014,1013,1012,16,16,14.0,45,19,52,0.0,1.0,None,292
2013-07-13 00:00:00-07:00,2013-07-13 00:00:00-07:00,23,17,11,12.0,10.0,9.0,89,68,47,1015,1014,1013,16,16,16.0,39,20,47,0.0,1.0,None,303
2013-07-14 00:00:00-07:00,2013-07-14 00:00:00-07:00,19,16,12,11.0,10.0,9.0,89,75,60,1016,1015,1013,16,16,16.0,45,24,50,0.0,3.0,None,293
2013-07-15 00:00:00-07:00,2013-07-15 00:00:00-07:00,21,16,12,11.0,9.0,9.0,83,68,53,1014,1013,1011,16,16,16.0,35,19,42,0.0,5.0,None,256
2013-07-16 00:00:00-07:00,2013-07-16 00:00:00-07:00,22,18,13,12.0,11.0,9.0,80,68,55,1017,1015,1012,16,16,16.0,29,17,37,0.0,7.0,None,248
2013-07-17 00:00:00-07:00,2013-07-17 00:00:00-07:00,19,16,13,11.0,11.0,10.0,86,72,58,1020,1019,1017,16,16,16.0,39,22,45,0.0,5.0,None,277
2013-07-18 00:00:00-07:00,2013-07-18 00:00:00-07:00,21,17,12,12.0,11.0,10.0,86,72,58,1019,1016,1014,16,16,13.0,42,17,50,0.0,4.0,None,301
2013-07-19 00:00:00-07:00,2013-07-19 00:00:00-07:00,19,16,12,11.0,10.0,9.0,89,74,58,1015,1013,1011,16,16,14.0,42,20,50,0.0,3.0,None,288
2013-07-20 00:00:00-07:00,2013-07-20 00:00:00-07:00,21,17,12,11.0,10.0,9.0,89,71,53,1012,1010,1008,16,16,16.0,39,20,47,0.0,3.0,None,287
2013-07-21 00:00:00-07:00,2013-07-21 00:00:00-07:00,20,16,12,12.0,11.0,9.0,89,74,58,1012,1010,1009,16,16,16.0,34,15,42,0.0,4.0,None,312
2013-07-22 00:00:00-07:00,2013-07-22 00:00:00-07:00,26,20,14,13.0,12.0,12.0,86,72,57,1015,1013,1012,16,16,14.0,34,14,39,0.0,5.0,None,307
2013-07-23 00:00:00-07:00,2013-07-23 00:00:00-07:00,21,17,13,14.0,12.0,12.0,86,73,59,1016,1015,1014,16,16,16.0,35,22,45,0.0,5.0,None,298
2013-07-24 00:00:00-07:00,2013-07-24 00:00:00-07:00,22,17,13,13.0,12.0,11.0,93,75,57,1016,1014,1013,16,16,16.0,42,23,48,0.0,2.0,None,297
2013-07-25 00:00:00-07:00,2013-07-25 00:00:00-07:00,20,16,12,12.0,11.0,10.0,93,76,58,1017,1015,1014,16,16,16.0,39,24,47,0.0,2.0,None,296
2013-07-26 00:00:00-07:00,2013-07-26 00:00:00-07:00,20,17,13,12.0,11.0,11.0,86,75,63,1020,1018,1016,16,16,16.0,40,22,50,0.0,4.0,None,295
2013-07-27 00:00:00-07:00,2013-07-27 00:00:00-07:00,21,17,13,13.0,12.0,11.0,86,72,57,1017,1015,1011,16,16,16.0,37,17,40,0.0,4.0,None,304
2013-07-28 00:00:00-07:00,2013-07-28 00:00:00-07:00,22,18,13,12.0,11.0,10.0,86,70,53,1012,1011,1010,16,16,16.0,32,14,39,0.0,3.0,None,292
2013-07-29 00:00:00-07:00,2013-07-29 00:00:00-07:00,21,17,13,11.0,10.0,10.0,83,68,53,1017,1014,1011,16,15,11.0,29,11,35,0.0,4.0,None,209
2013-07-30 00:00:00-07:00,2013-07-30 00:00:00-07:00,20,17,13,12.0,11.0,9.0,86,72,58,1019,1018,1017,16,15,13.0,39,18,47,0.0,3.0,None,277
2013-07-31 00:00:00-07:00,2013-07-31 00:00:00-07:00,21,17,12,11.0,11.0,9.0,86,71,55,1019,1018,1017,16,16,14.0,47,24,56,0.0,2.0,None,273
2013-08-01 00:00:00-07:00,2013-08-01 00:00:00-07:00,20,17,13,11.0,11.0,10.0,83,70,56,1019,1017,1015,16,16,16.0,50,24,58,0.0,3.0,None,262
2013-08-02 00:00:00-07:00,2013-08-02 00:00:00-07:00,20,16,12,11.0,10.0,10.0,89,73,56,1016,1014,1014,16,16,16.0,39,22,47,0.0,2.0,None,282
2013-08-03 00:00:00-07:00,2013-08-03 00:00:00-07:00,21,17,12,12.0,11.0,9.0,89,71,53,1015,1014,1013,16,16,16.0,34,15,37,0.0,3.0,None,297
2013-08-04 00:00:00-07:00,2013-08-04 00:00:00-07:00,19,16,13,11.0,11.0,10.0,86,71,56,1017,1016,1015,16,16,16.0,42,21,50,0.0,6.0,None,269
2013-08-05 00:00:00-07:00,2013-08-05 00:00:00-07:00,19,16,13,11.0,11.0,10.0,86,72,58,1017,1016,1015,16,16,16.0,47,20,60,0.0,6.0,None,268
2013-08-06 00:00:00-07:00,2013-08-06 00:00:00-07:00,21,17,13,12.0,11.0,10.0,86,71,55,1018,1017,1016,16,16,16.0,42,18,48,0.0,6.0,None,256
2013-08-07 00:00:00-07:00,2013-08-07 00:00:00-07:00,22,18,14,12.0,12.0,10.0,86,70,53,1020,1018,1017,16,16,14.0,32,15,39,2015-04-11 00:00:00,6.0,None,247
2013-08-08 00:00:00-07:00,2013-08-08 00:00:00-07:00,20,17,13,13.0,12.0,11.0,87,73,58,1017,1016,1015,16,16,16.0,39,16,47,0.0,6.0,None,258
2013-08-09 00:00:00-07:00,2013-08-09 00:00:00-07:00,21,17,13,12.0,12.0,11.0,86,72,57,1016,1015,1014,16,16,11.0,34,17,40,2015-04-11 00:00:00,6.0,Rain,258
2013-08-10 00:00:00-07:00,2013-08-10 00:00:00-07:00,21,18,14,13.0,12.0,11.0,87,72,57,1018,1017,1016,16,16,13.0,37,18,45,2015-04-11 00:00:00,6.0,Fog,269
2013-08-11 00:00:00-07:00,2013-08-11 00:00:00-07:00,19,16,13,12.0,12.0,11.0,86,77,67,1017,1016,1015,16,16,16.0,39,19,48,0.0,5.0,Fog,280
2013-08-12 00:00:00-07:00,2013-08-12 00:00:00-07:00,23,18,13,13.0,12.0,11.0,86,70,53,1016,1015,1014,16,16,16.0,35,16,40,0.0,3.0,None,285
2013-08-13 00:00:00-07:00,2013-08-13 00:00:00-07:00,25,19,13,14.0,11.0,10.0,86,66,46,1016,1015,1014,16,16,13.0,42,18,48,0.0,2.0,None,294
2013-08-14 00:00:00-07:00,2013-08-14 00:00:00-07:00,22,18,13,15.0,13.0,11.0,86,71,55,1016,1015,1013,16,16,16.0,45,24,53,0.0,3.0,Fog,285
2013-08-15 00:00:00-07:00,2013-08-15 00:00:00-07:00,25,21,17,17.0,16.0,14.0,93,77,60,1015,1014,1013,16,16,13.0,37,22,47,0.0,5.0,None,277
2013-08-16 00:00:00-07:00,2013-08-16 00:00:00-07:00,22,19,15,14.0,14.0,12.0,90,76,61,1016,1015,1014,16,16,16.0,42,21,52,0.0,4.0,None,291
2013-08-17 00:00:00-07:00,2013-08-17 00:00:00-07:00,22,19,15,14.0,13.0,12.0,84,71,57,1016,1014,1012,16,16,16.0,47,20,56,0.0,5.0,None,285
2013-08-18 00:00:00-07:00,2013-08-18 00:00:00-07:00,26,20,14,15.0,13.0,12.0,90,70,50,1012,1011,1008,16,16,16.0,37,14,42,0.0,3.0,None,304
2013-08-19 00:00:00-07:00,2013-08-19 00:00:00-07:00,23,19,15,16.0,13.0,12.0,78,66,53,1012,1011,1009,16,16,16.0,45,17,52,0.0,2.0,None,301
2013-08-20 00:00:00-07:00,2013-08-20 00:00:00-07:00,24,20,15,14.0,13.0,12.0,87,69,50,1012,1011,1010,16,16,16.0,32,13,37,0.0,2.0,None,324
2013-08-21 00:00:00-07:00,2013-08-21 00:00:00-07:00,22,18,14,12.0,12.0,11.0,80,67,53,1014,1013,1012,16,16,16.0,34,15,40,0.0,3.0,None,279
2013-08-22 00:00:00-07:00,2013-08-22 00:00:00-07:00,21,18,14,12.0,11.0,11.0,80,67,53,1015,1014,1013,16,16,16.0,39,21,47,0.0,5.0,None,265
2013-08-23 00:00:00-07:00,2013-08-23 00:00:00-07:00,19,17,14,12.0,12.0,11.0,80,72,63,1014,1012,1010,16,16,16.0,40,21,50,0.0,5.0,None,272
2013-08-24 00:00:00-07:00,2013-08-24 00:00:00-07:00,22,18,14,14.0,13.0,12.0,90,72,53,1013,1012,1011,16,16,14.0,47,21,53,0.0,5.0,None,266
2013-08-25 00:00:00-07:00,2013-08-25 00:00:00-07:00,23,20,17,16.0,14.0,13.0,90,76,61,1014,1013,1012,16,16,11.0,37,12,45,0.0,6.0,None,283
2013-08-26 00:00:00-07:00,2013-08-26 00:00:00-07:00,21,18,15,13.0,12.0,11.0,84,70,55,1017,1015,1013,16,16,10.0,45,20,53,2015-04-11 00:00:00,5.0,Rain,279
2013-08-27 00:00:00-07:00,2013-08-27 00:00:00-07:00,22,18,13,14.0,13.0,11.0,86,74,61,1013,1012,1010,16,16,16.0,47,23,60,0.0,2.0,None,285
2013-08-28 00:00:00-07:00,2013-08-28 00:00:00-07:00,24,19,15,16.0,14.0,13.0,90,76,61,1014,1013,1012,16,16,16.0,42,21,48,0.0,5.0,None,279
2013-08-29 00:00:00-07:00,2013-08-29 00:00:00-07:00,23,20,16,16.0,14.0,13.0,93,75,57,1018,1016,1015,16,16,16.0,37,18,45,0.0,4.0,None,286
2013-08-30 00:00:00-07:00,2013-08-30 00:00:00-07:00,26,21,16,16.0,14.0,13.0,90,70,50,1017,1016,1013,16,16,11.0,47,22,56,0.0,2.0,None,291
2013-08-31 00:00:00-07:00,2013-08-31 00:00:00-07:00,22,18,14,14.0,13.0,12.0,93,75,57,1016,1014,1013,16,16,16.0,42,24,50,0.0,4.0,None,284
2013-09-01 00:00:00-07:00,2013-09-01 00:00:00-07:00,23,19,14,16.0,13.0,12.0,87,68,49,1014,1013,1013,16,16,16.0,40,20,47,0.0,4.0,None,284
2013-09-02 00:00:00-07:00,2013-09-02 00:00:00-07:00,24,21,17,16.0,16.0,14.0,93,77,61,1015,1014,1012,16,16,10.0,37,19,48,0.0,6.0,None,277
2013-09-03 00:00:00-07:00,2013-09-03 00:00:00-07:00,23,19,16,15.0,13.0,11.0,84,65,46,1016,1015,1014,16,16,16.0,39,24,50,0.0,2.0,None,276
2013-09-04 00:00:00-07:00,2013-09-04 00:00:00-07:00,23,20,16,15.0,14.0,13.0,90,72,53,1017,1016,1015,16,16,16.0,47,30,56,0.0,4.0,None,269
2013-09-05 00:00:00-07:00,2013-09-05 00:00:00-07:00,22,19,16,14.0,13.0,12.0,90,74,57,1017,1016,1015,16,16,16.0,50,34,60,0.0,3.0,None,270
2013-09-06 00:00:00-07:00,2013-09-06 00:00:00-07:00,29,22,13,14.0,11.0,7.0,86,58,29,1016,1013,1010,16,16,16.0,39,12,45,0.0,0.0,None,287
2013-09-07 00:00:00-07:00,2013-09-07 00:00:00-07:00,31,23,14,18.0,12.0,8.0,86,59,31,1012,1011,1009,16,16,16.0,34,13,40,0.0,1.0,None,305
2013-09-08 00:00:00-07:00,2013-09-08 00:00:00-07:00,23,18,13,14.0,12.0,11.0,86,70,53,1012,1010,1008,16,16,16.0,42,18,50,0.0,2.0,None,299
2013-09-09 00:00:00-07:00,2013-09-09 00:00:00-07:00,24,19,13,14.0,13.0,11.0,90,70,50,1010,1008,1006,16,16,16.0,42,18,48,0.0,1.0,None,303
2013-09-10 00:00:00-07:00,2013-09-10 00:00:00-07:00,23,19,14,15.0,13.0,12.0,93,73,53,1013,1010,1008,16,16,16.0,27,12,34,0.0,1.0,None,230
2013-09-11 00:00:00-07:00,2013-09-11 00:00:00-07:00,23,20,17,14.0,13.0,12.0,78,68,57,1016,1015,1013,16,16,16.0,29,14,37,0.0,5.0,None,219
2013-09-12 00:00:00-07:00,2013-09-12 00:00:00-07:00,22,18,15,14.0,14.0,13.0,84,73,61,1015,1014,1013,16,16,14.0,40,18,48,0.0,7.0,Fog,268
2013-09-13 00:00:00-07:00,2013-09-13 00:00:00-07:00,19,17,14,13.0,12.0,12.0,93,80,67,1013,1011,1009,16,16,11.0,48,24,60,0.0,6.0,None,271
2013-09-14 00:00:00-07:00,2013-09-14 00:00:00-07:00,19,17,14,13.0,12.0,12.0,87,77,67,1011,1009,1008,16,16,14.0,40,25,53,0.0,7.0,None,265
2013-09-15 00:00:00-07:00,2013-09-15 00:00:00-07:00,23,19,14,15.0,13.0,11.0,90,72,53,1012,1011,1009,16,16,10.0,37,21,42,0.0,5.0,None,276
2013-09-16 00:00:00-07:00,2013-09-16 00:00:00-07:00,22,18,15,14.0,13.0,12.0,90,74,57,1013,1011,1009,16,16,10.0,50,26,63,0.0,3.0,None,274
2013-09-17 00:00:00-07:00,2013-09-17 00:00:00-07:00,20,17,14,13.0,12.0,10.0,86,72,58,1013,1011,1010,16,16,16.0,63,35,82,0.0,3.0,None,270
2013-09-18 00:00:00-07:00,2013-09-18 00:00:00-07:00,26,19,12,13.0,9.0,8.0,78,60,41,1013,1012,1011,16,16,16.0,40,16,48,0.0,1.0,None,278
2013-09-19 00:00:00-07:00,2013-09-19 00:00:00-07:00,27,19,12,13.0,10.0,8.0,77,58,38,1011,1010,1008,16,16,16.0,42,16,53,0.0,0.0,None,297
2013-09-20 00:00:00-07:00,2013-09-20 00:00:00-07:00,23,18,13,15.0,13.0,10.0,87,70,53,1012,1010,1009,16,16,14.0,27,15,37,0.0,6.0,None,248
2013-09-21 00:00:00-07:00,2013-09-21 00:00:00-07:00,20,17,14,15.0,13.0,12.0,90,75,59,1013,1011,1010,16,15,3.0,39,19,45,5.84,6.0,Rain,218
2013-09-22 00:00:00-07:00,2013-09-22 00:00:00-07:00,21,17,13,13.0,12.0,9.0,93,70,47,1016,1015,1013,16,16,16.0,47,17,56,0.0,1.0,None,292
2013-09-23 00:00:00-07:00,2013-09-23 00:00:00-07:00,26,20,14,14.0,12.0,10.0,78,64,50,1017,1015,1014,16,16,16.0,39,14,48,0.0,0.0,None,294
2013-09-24 00:00:00-07:00,2013-09-24 00:00:00-07:00,22,18,14,12.0,11.0,10.0,78,66,53,1016,1015,1013,16,16,16.0,58,30,69,0.0,1.0,None,277
2013-09-25 00:00:00-07:00,2013-09-25 00:00:00-07:00,19,17,13,11.0,8.0,7.0,83,64,45,1014,1013,1010,16,16,16.0,56,32,72,0.0,1.0,None,281
2013-09-26 00:00:00-07:00,2013-09-26 00:00:00-07:00,22,17,12,8.0,6.0,3.0,72,53,33,1015,1013,1011,16,16,16.0,39,18,47,0.0,0.0,None,281
2013-09-27 00:00:00-07:00,2013-09-27 00:00:00-07:00,26,19,12,8.0,5.0,1.0,67,46,25,1020,1018,1016,16,16,16.0,37,12,45,0.0,0.0,None,279
2013-09-28 00:00:00-07:00,2013-09-28 00:00:00-07:00,26,19,12,13.0,9.0,3.0,84,60,35,1019,1018,1016,16,16,16.0,45,15,52,0.0,1.0,None,296
2013-09-29 00:00:00-07:00,2013-09-29 00:00:00-07:00,24,19,14,15.0,13.0,12.0,87,70,53,1020,1019,1018,16,16,16.0,26,11,34,0.0,3.0,None,253
2013-09-30 00:00:00-07:00,2013-09-30 00:00:00-07:00,23,19,15,16.0,14.0,6.0,87,69,51,1018,1017,1015,16,16,16.0,35,16,42,2015-04-11 00:00:00,4.0,Fog,264
2013-10-01 00:00:00-07:00,2013-10-01 00:00:00-07:00,21,17,13,10.0,9.0,8.0,77,61,45,1017,1015,1014,16,16,16.0,35,21,42,0.0,3.0,None,273
2013-10-02 00:00:00-07:00,2013-10-02 00:00:00-07:00,21,17,12,9.0,8.0,7.0,77,61,45,1016,1015,1014,16,16,16.0,47,23,56,0.0,2.0,None,280
2013-10-03 00:00:00-07:00,2013-10-03 00:00:00-07:00,21,17,12,7.0,5.0,2.0,66,47,28,1019,1016,1014,16,16,16.0,40,21,48,0.0,0.0,None,294
2013-10-04 00:00:00-07:00,2013-10-04 00:00:00-07:00,24,21,16,11.0,6.0,-2.0,53,38,22,1019,1017,1015,16,16,16.0,35,14,40,0.0,0.0,None,13
2013-10-05 00:00:00-07:00,2013-10-05 00:00:00-07:00,27,21,14,11.0,2.0,-4.0,56,36,15,1023,1021,1019,16,16,16.0,19,9,21,0.0,0.0,None,122
2013-10-06 00:00:00-07:00,2013-10-06 00:00:00-07:00,28,21,13,11.0,7.0,-3.0,66,40,13,1020,1018,1016,16,16,16.0,23,7,24,0.25,4.0,None,345
2013-10-07 00:00:00-07:00,2013-10-07 00:00:00-07:00,27,20,13,9.0,5.0,-1.0,72,46,19,1016,1014,1012,16,16,16.0,45,14,50,0.0,3.0,None,295
2013-10-08 00:00:00-07:00,2013-10-08 00:00:00-07:00,22,17,11,10.0,8.0,7.0,77,59,41,1013,1010,1007,16,16,16.0,32,16,39,0.0,2.0,None,278
2013-10-09 00:00:00-07:00,2013-10-09 00:00:00-07:00,20,16,11,9.0,7.0,4.0,83,60,37,1008,1005,1004,16,16,16.0,27,13,34,0.0,2.0,None,286
2013-10-10 00:00:00-07:00,2013-10-10 00:00:00-07:00,21,17,12,11.0,8.0,6.0,77,61,45,1016,1013,1008,16,16,16.0,21,8,24,0.0,1.0,None,302
2013-10-11 00:00:00-07:00,2013-10-11 00:00:00-07:00,17,14,11,9.0,8.0,7.0,83,70,56,1019,1017,1016,16,16,16.0,40,14,48,0.0,4.0,None,275
2013-10-12 00:00:00-07:00,2013-10-12 00:00:00-07:00,18,13,8,10.0,8.0,6.0,89,71,53,1016,1015,1013,16,13,0.0,52,20,64,0.0,3.0,Fog,252
2013-10-13 00:00:00-07:00,2013-10-13 00:00:00-07:00,23,17,11,11.0,8.0,4.0,89,60,31,1018,1016,1014,16,16,16.0,35,12,42,0.0,1.0,None,286
2013-10-14 00:00:00-07:00,2013-10-14 00:00:00-07:00,25,18,11,10.0,5.0,2.0,71,49,27,1020,1018,1016,16,16,16.0,29,8,None,0.0,0.0,None,272
2013-10-15 00:00:00-07:00,2013-10-15 00:00:00-07:00,27,19,12,10.0,3.0,-1.0,61,40,18,1017,1016,1014,16,16,16.0,34,8,35,0.0,0.0,None,294
2013-10-16 00:00:00-07:00,2013-10-16 00:00:00-07:00,27,19,12,12.0,6.0,0.0,63,41,19,1019,1017,1016,16,16,16.0,21,6,23,0.0,1.0,None,305
2013-10-17 00:00:00-07:00,2013-10-17 00:00:00-07:00,27,20,12,12.0,7.0,2.0,72,56,39,1019,1017,1015,16,16,16.0,32,11,39,0.0,0.0,None,306
2013-10-18 00:00:00-07:00,2013-10-18 00:00:00-07:00,20,16,11,11.0,9.0,8.0,83,66,48,1018,1016,1015,16,16,16.0,37,16,40,0.0,1.0,None,294
2013-10-19 00:00:00-07:00,2013-10-19 00:00:00-07:00,23,17,9,11.0,9.0,7.0,86,65,44,1019,1017,1016,16,16,16.0,34,14,37,0.0,0.0,None,301
2013-10-20 00:00:00-07:00,2013-10-20 00:00:00-07:00,18,14,9,11.0,8.0,7.0,93,77,60,1017,1015,1013,16,13,0.0,35,18,42,0.0,2.0,Fog,290
2013-10-21 00:00:00-07:00,2013-10-21 00:00:00-07:00,16,13,9,10.0,8.0,7.0,93,80,67,1017,1015,1013,16,15,11.0,34,15,40,0.0,3.0,None,284
2013-10-22 00:00:00-07:00,2013-10-22 00:00:00-07:00,18,13,8,11.0,9.0,8.0,100,82,64,1017,1015,1013,16,9,0.0,34,16,40,0.0,5.0,Fog,281
2013-10-23 00:00:00-07:00,2013-10-23 00:00:00-07:00,16,13,9,11.0,9.0,8.0,93,83,72,1016,1014,1013,16,11,4.0,37,15,45,0.0,6.0,Fog,282
2013-10-24 00:00:00-07:00,2013-10-24 00:00:00-07:00,16,14,12,9.0,8.0,7.0,83,73,62,1020,1017,1015,16,16,13.0,24,15,32,0.0,6.0,None,269
2013-10-25 00:00:00-07:00,2013-10-25 00:00:00-07:00,19,15,10,10.0,8.0,7.0,86,69,52,1022,1020,1019,16,16,16.0,34,14,39,0.0,4.0,None,263
2013-10-26 00:00:00-07:00,2013-10-26 00:00:00-07:00,21,16,9,12.0,9.0,6.0,89,67,44,1021,1019,1016,16,16,16.0,35,14,40,0.0,1.0,Fog,292
2013-10-27 00:00:00-07:00,2013-10-27 00:00:00-07:00,16,13,10,9.0,8.0,7.0,89,76,62,1017,1012,1005,16,16,16.0,69,29,82,2015-04-11 00:00:00,6.0,Rain,267
2013-10-28 00:00:00-07:00,2013-10-28 00:00:00-07:00,16,14,11,9.0,8.0,7.0,83,69,55,1011,1007,1005,16,16,16.0,58,24,69,0.0,5.0,None,263
2013-10-29 00:00:00-07:00,2013-10-29 00:00:00-07:00,17,14,11,9.0,7.0,6.0,83,66,48,1018,1015,1011,16,16,16.0,27,12,34,0.0,4.0,None,256
2013-10-30 00:00:00-07:00,2013-10-30 00:00:00-07:00,18,14,9,10.0,7.0,6.0,83,66,48,1021,1020,1018,16,16,16.0,29,11,35,0.0,2.0,None,286
2013-10-31 00:00:00-07:00,2013-10-31 00:00:00-07:00,21,15,9,11.0,6.0,3.0,71,54,37,1022,1020,1019,16,16,16.0,23,6,None,0.0,0.0,None,300
2013-11-01 00:00:00-07:00,2013-11-01 00:00:00-07:00,23,17,11,12.0,7.0,5.0,77,57,37,1021,1019,1016,16,16,16.0,24,6,29,0.0,0.0,None,315
2013-11-02 00:00:00-07:00,2013-11-02 00:00:00-07:00,17,14,10,11.0,8.0,5.0,89,73,56,1017,1015,1013,16,15,3.0,45,21,53,0.0,3.0,None,284
2013-11-03 00:00:00-07:00,2013-11-03 00:00:00-07:00,17,13,8,7.0,5.0,1.0,77,56,34,1018,1015,1014,16,16,16.0,35,15,39,0.0,4.0,None,277
2013-11-04 00:00:00-08:00,2013-11-04 00:00:00-08:00,19,13,7,6.0,4.0,0.0,80,56,31,1018,1016,1014,16,16,16.0,37,14,45,0.0,0.0,None,286
2013-11-05 00:00:00-08:00,2013-11-05 00:00:00-08:00,22,16,10,7.0,3.0,-2.0,66,44,22,1023,1021,1019,16,16,16.0,24,7,27,0.0,1.0,None,279
2013-11-06 00:00:00-08:00,2013-11-06 00:00:00-08:00,21,16,11,9.0,6.0,2.0,72,52,31,1025,1023,1021,16,16,14.0,8,1,10,0.0,5.0,None,68
2013-11-07 00:00:00-08:00,2013-11-07 00:00:00-08:00,22,18,13,11.0,8.0,4.0,80,61,42,1022,1020,1019,16,16,14.0,35,13,42,0.0,4.0,None,284
2013-11-08 00:00:00-08:00,2013-11-08 00:00:00-08:00,21,16,10,12.0,9.0,4.0,100,72,43,1019,1017,1015,16,11,0.0,39,13,42,0.0,2.0,Fog,269
2013-11-09 00:00:00-08:00,2013-11-09 00:00:00-08:00,19,14,9,12.0,8.0,4.0,80,64,48,1017,1016,1015,16,16,14.0,19,5,23,0.0,1.0,None,334
2013-11-10 00:00:00-08:00,2013-11-10 00:00:00-08:00,18,14,11,11.0,9.0,7.0,83,72,60,1020,1019,1017,16,16,14.0,21,8,26,0.0,3.0,None,269
2013-11-11 00:00:00-08:00,2013-11-11 00:00:00-08:00,17,14,12,11.0,9.0,8.0,83,72,60,1022,1020,1019,16,14,10.0,19,7,24,0.0,7.0,None,76
2013-11-12 00:00:00-08:00,2013-11-12 00:00:00-08:00,21,18,14,12.0,10.0,8.0,77,62,47,1025,1024,1022,16,16,16.0,29,11,35,2015-04-11 00:00:00,4.0,None,312
2013-11-13 00:00:00-08:00,2013-11-13 00:00:00-08:00,20,16,11,13.0,11.0,8.0,93,77,60,1024,1022,1020,16,16,14.0,37,13,42,0.0,3.0,Fog,303
2013-11-14 00:00:00-08:00,2013-11-14 00:00:00-08:00,16,13,11,11.0,9.0,7.0,96,84,71,1020,1017,1012,16,15,13.0,47,21,60,0.0,5.0,None,266
2013-11-15 00:00:00-08:00,2013-11-15 00:00:00-08:00,18,14,10,8.0,7.0,5.0,83,66,48,1012,1010,1008,16,16,16.0,56,19,64,0.0,1.0,None,268
2013-11-16 00:00:00-08:00,2013-11-16 00:00:00-08:00,17,13,9,10.0,8.0,6.0,83,67,51,1014,1011,1009,16,16,16.0,42,22,56,0.0,2.0,None,273
2013-11-17 00:00:00-08:00,2013-11-17 00:00:00-08:00,17,13,9,9.0,7.0,6.0,89,69,48,1019,1017,1014,16,16,16.0,21,9,26,0.0,4.0,None,245
2013-11-18 00:00:00-08:00,2013-11-18 00:00:00-08:00,16,12,8,8.0,7.0,4.0,82,69,55,1021,1020,1019,16,16,16.0,24,9,29,0.0,5.0,None,199
2013-11-19 00:00:00-08:00,2013-11-19 00:00:00-08:00,16,14,12,13.0,10.0,7.0,93,80,66,1019,1017,1014,16,15,10.0,23,11,26,7.11,7.0,Rain,131
2013-11-20 00:00:00-08:00,2013-11-20 00:00:00-08:00,15,13,11,13.0,12.0,8.0,93,90,86,1014,1012,1011,16,15,6.0,35,12,39,16,7.0,Rain,239
2013-11-21 00:00:00-08:00,2013-11-21 00:00:00-08:00,17,13,10,9.0,6.0,0.0,93,64,35,1015,1014,1013,16,16,14.0,52,17,63,2015-04-11 00:00:00,5.0,Rain,349
2013-11-22 00:00:00-08:00,2013-11-22 00:00:00-08:00,21,17,14,4.0,0.0,-4.0,40,30,19,1017,1015,1013,16,16,16.0,42,23,52,0.0,1.0,None,47
2013-11-23 00:00:00-08:00,2013-11-23 00:00:00-08:00,18,14,10,7.0,3.0,-1.0,71,50,28,1020,1017,1015,16,16,16.0,35,7,52,0.0,0.0,None,79
2013-11-24 00:00:00-08:00,2013-11-24 00:00:00-08:00,16,12,7,9.0,6.0,4.0,86,70,53,1025,1022,1020,16,16,16.0,14,4,16,0.0,0.0,None,319
2013-11-25 00:00:00-08:00,2013-11-25 00:00:00-08:00,16,12,7,8.0,6.0,3.0,86,70,53,1027,1025,1024,16,16,14.0,11,3,16,0.0,1.0,None,180
2013-11-26 00:00:00-08:00,2013-11-26 00:00:00-08:00,17,13,8,8.0,7.0,4.0,86,65,43,1025,1021,1017,16,15,10.0,11,3,13,0.0,5.0,None,100
2013-11-27 00:00:00-08:00,2013-11-27 00:00:00-08:00,17,13,9,9.0,7.0,5.0,86,69,52,1017,1013,1011,16,14,11.0,11,2,11,0.0,5.0,None,137
2013-11-28 00:00:00-08:00,2013-11-28 00:00:00-08:00,19,14,9,11.0,7.0,3.0,83,64,44,1019,1014,1012,16,14,11.0,26,7,29,0.0,3.0,None,280
2013-11-29 00:00:00-08:00,2013-11-29 00:00:00-08:00,17,12,8,11.0,7.0,3.0,77,70,63,1023,1021,1019,16,16,14.0,39,5,45,0.0,0.0,Fog,316
2013-11-30 00:00:00-08:00,2013-11-30 00:00:00-08:00,17,12,7,11.0,8.0,5.0,93,79,65,1025,1024,1022,16,9,0.0,24,7,32,0.0,3.0,Fog,303
2013-12-01 00:00:00-08:00,2013-12-01 00:00:00-08:00,19,14,8,10.0,8.0,5.0,86,66,46,1028,1025,1023,16,16,14.0,23,6,26,0.0,1.0,None,308
2013-12-02 00:00:00-08:00,2013-12-02 00:00:00-08:00,17,12,8,12.0,9.0,7.0,96,80,64,1023,1019,1015,16,12,0.0,53,22,61,2015-04-11 00:00:00,5.0,Fog-Rain,277
2013-12-03 00:00:00-08:00,2013-12-03 00:00:00-08:00,13,11,8,12.0,3.0,-4.0,93,69,45,1015,1013,1011,16,16,6.0,39,22,50,0.0,4.0,None,285
2013-12-04 00:00:00-08:00,2013-12-04 00:00:00-08:00,11,8,4,-1.0,-3.0,-6.0,62,46,30,1019,1017,1014,16,16,16.0,23,9,26,0.0,0.0,None,309
2013-12-05 00:00:00-08:00,2013-12-05 00:00:00-08:00,11,6,2,-1.0,-4.0,-8.0,64,45,26,1022,1021,1019,16,16,16.0,19,7,23,0.0,0.0,None,196
2013-12-06 00:00:00-08:00,2013-12-06 00:00:00-08:00,12,7,3,9.0,3.0,-1.0,80,65,50,1022,1019,1014,16,16,10.0,48,14,69,7.37,6.0,Rain,180
2013-12-07 00:00:00-08:00,2013-12-07 00:00:00-08:00,11,7,3,9.0,0.0,-4.0,89,63,36,1024,1019,1014,16,16,5.0,47,21,58,1.52,3.0,Rain,293
2013-12-08 00:00:00-08:00,2013-12-08 00:00:00-08:00,8,6,2,-1.0,-4.0,-8.0,70,53,36,1027,1025,1024,16,16,16.0,35,16,39,0.0,2.0,None,64
2013-12-09 00:00:00-08:00,2013-12-09 00:00:00-08:00,11,7,2,-1.0,-5.0,-8.0,70,49,28,1030,1028,1027,16,16,16.0,32,12,37,0.0,0.0,None,113
2013-12-10 00:00:00-08:00,2013-12-10 00:00:00-08:00,11,6,1,2.0,-1.0,-3.0,70,56,42,1029,1026,1023,16,16,16.0,16,5,21,0.0,2.0,None,138
2013-12-11 00:00:00-08:00,2013-12-11 00:00:00-08:00,14,9,3,2.0,0.0,-3.0,85,60,35,1024,1023,1022,16,16,16.0,23,4,26,0.0,1.0,None,130
2013-12-12 00:00:00-08:00,2013-12-12 00:00:00-08:00,12,8,3,7.0,2.0,-2.0,86,67,48,1025,1024,1022,16,15,11.0,26,6,32,0.0,1.0,None,278
2013-12-13 00:00:00-08:00,2013-12-13 00:00:00-08:00,12,8,4,7.0,5.0,3.0,89,76,63,1027,1025,1024,16,15,11.0,19,7,23,0.0,2.0,None,353
2013-12-14 00:00:00-08:00,2013-12-14 00:00:00-08:00,16,10,4,6.0,3.0,1.0,85,61,36,1029,1028,1027,16,16,13.0,14,4,16,0.0,1.0,None,263
2013-12-15 00:00:00-08:00,2013-12-15 00:00:00-08:00,16,10,4,7.0,3.0,1.0,76,60,43,1028,1026,1024,16,15,11.0,16,3,19,0.0,3.0,None,102
2013-12-16 00:00:00-08:00,2013-12-16 00:00:00-08:00,18,12,6,7.0,3.0,1.0,77,54,31,1024,1022,1020,16,16,16.0,16,4,21,0.0,5.0,None,113
2013-12-17 00:00:00-08:00,2013-12-17 00:00:00-08:00,15,12,8,8.0,5.0,2.0,77,60,43,1022,1020,1017,14,10,8.0,11,4,13,0.0,6.0,None,96
2013-12-18 00:00:00-08:00,2013-12-18 00:00:00-08:00,14,11,7,8.0,6.0,3.0,77,72,66,1017,1013,1009,16,15,10.0,56,19,64,0.0,6.0,None,274
2013-12-19 00:00:00-08:00,2013-12-19 00:00:00-08:00,15,12,8,6.0,2.0,-5.0,77,52,27,1014,1010,1007,16,16,16.0,58,19,69,0.0,2.0,None,306
2013-12-20 00:00:00-08:00,2013-12-20 00:00:00-08:00,16,10,4,6.0,0.0,-6.0,71,50,29,1016,1015,1014,16,16,16.0,24,8,29,0.0,1.0,None,257
2013-12-21 00:00:00-08:00,2013-12-21 00:00:00-08:00,16,12,8,8.0,7.0,6.0,86,74,62,1019,1017,1015,16,16,16.0,27,11,34,0.0,1.0,None,288
2013-12-22 00:00:00-08:00,2013-12-22 00:00:00-08:00,18,12,6,8.0,6.0,3.0,89,64,39,1026,1023,1019,16,16,16.0,14,2,16,0.0,1.0,None,337
2013-12-23 00:00:00-08:00,2013-12-23 00:00:00-08:00,16,11,7,7.0,4.0,3.0,80,64,47,1029,1028,1026,16,14,11.0,13,2,14,0.0,1.0,None,32
2013-12-24 00:00:00-08:00,2013-12-24 00:00:00-08:00,15,11,7,8.0,5.0,3.0,76,64,51,1027,1025,1023,16,15,11.0,13,4,39,0.0,2.0,None,308
2013-12-25 00:00:00-08:00,2013-12-25 00:00:00-08:00,17,12,6,7.0,4.0,2.0,76,60,43,1026,1024,1023,16,16,14.0,10,2,13,0.0,0.0,None,218
2013-12-26 00:00:00-08:00,2013-12-26 00:00:00-08:00,17,12,6,8.0,5.0,3.0,83,63,43,1025,1023,1022,16,15,11.0,11,2,13,0.0,0.0,None,24
2013-12-27 00:00:00-08:00,2013-12-27 00:00:00-08:00,14,10,6,7.0,5.0,3.0,76,64,51,1024,1022,1020,16,15,13.0,13,4,14,0.0,4.0,None,60
2013-12-28 00:00:00-08:00,2013-12-28 00:00:00-08:00,17,11,4,7.0,3.0,-2.0,85,59,32,1021,1019,1017,16,16,14.0,16,3,21,0.0,0.0,None,262
2013-12-29 00:00:00-08:00,2013-12-29 00:00:00-08:00,20,13,6,3.0,-2.0,-9.0,71,43,14,1022,1020,1019,16,16,16.0,21,5,42,0.0,0.0,None,129
2013-12-30 00:00:00-08:00,2013-12-30 00:00:00-08:00,15,11,6,8.0,4.0,1.0,86,65,43,1025,1023,1022,16,15,14.0,21,5,24,0.0,3.0,None,312
2013-12-31 00:00:00-08:00,2013-12-31 00:00:00-08:00,15,10,5,7.0,4.0,2.0,93,73,53,1025,1023,1022,16,11,0.0,21,5,24,0.0,3.0,Fog,278
2014-01-01 00:00:00-08:00,2014-01-01 00:00:00-08:00,13,9,5,7.0,4.0,2.0,83,69,55,1023,1022,1020,16,15,11.0,14,1,16,0.0,3.0,None,290
2014-01-02 00:00:00-08:00,2014-01-02 00:00:00-08:00,17,12,6,7.0,4.0,1.0,80,58,36,1022,1020,1018,16,16,16.0,10,2,10,0.0,3.0,None,146
2014-01-03 00:00:00-08:00,2014-01-03 00:00:00-08:00,18,12,7,8.0,5.0,1.0,80,59,37,1019,1016,1014,16,16,14.0,23,6,26,0.0,3.0,None,297
2014-01-04 00:00:00-08:00,2014-01-04 00:00:00-08:00,19,13,6,8.0,6.0,1.0,93,65,36,1019,1016,1015,16,9,0.0,24,4,29,0.0,2.0,Fog,266
2014-01-05 00:00:00-08:00,2014-01-05 00:00:00-08:00,19,13,7,3.0,0.0,-3.0,65,45,24,1023,1021,1019,16,16,16.0,23,8,24,0.0,0.0,None,125
2014-01-06 00:00:00-08:00,2014-01-06 00:00:00-08:00,16,11,7,7.0,4.0,0.0,71,61,51,1025,1023,1022,16,15,11.0,14,4,16,0.0,5.0,None,75
2014-01-07 00:00:00-08:00,2014-01-07 00:00:00-08:00,16,12,8,11.0,7.0,4.0,86,70,53,1023,1022,1021,16,14,11.0,24,7,27,2015-04-11 00:00:00,5.0,Rain,304
2014-01-08 00:00:00-08:00,2014-01-08 00:00:00-08:00,15,13,11,11.0,9.0,8.0,86,79,72,1024,1023,1021,16,15,5.0,32,15,39,0.25,7.0,None,281
2014-01-09 00:00:00-08:00,2014-01-09 00:00:00-08:00,16,13,11,10.0,8.0,6.0,89,73,57,1025,1024,1023,16,15,8.0,40,19,50,2015-04-11 00:00:00,5.0,None,287
2014-01-10 00:00:00-08:00,2014-01-10 00:00:00-08:00,16,12,9,9.0,8.0,6.0,89,75,60,1026,1024,1022,16,15,10.0,24,9,27,0.0,4.0,None,310
2014-01-11 00:00:00-08:00,2014-01-11 00:00:00-08:00,14,11,8,11.0,8.0,6.0,93,83,72,1026,1024,1021,16,16,10.0,29,10,35,2015-04-11 00:00:00,4.0,None,281
2014-01-12 00:00:00-08:00,2014-01-12 00:00:00-08:00,16,12,8,8.0,6.0,2.0,93,70,47,1029,1027,1025,16,16,11.0,27,11,32,0.0,2.0,None,313
2014-01-13 00:00:00-08:00,2014-01-13 00:00:00-08:00,19,13,6,7.0,3.0,0.0,71,50,28,1032,1029,1028,16,16,16.0,29,4,35,0.0,1.0,None,88
2014-01-14 00:00:00-08:00,2014-01-14 00:00:00-08:00,22,14,7,6.0,3.0,-3.0,71,45,19,1031,1029,1027,16,16,16.0,19,4,24,0.0,0.0,None,134
2014-01-15 00:00:00-08:00,2014-01-15 00:00:00-08:00,23,16,9,4.0,1.0,-4.0,71,44,17,1028,1025,1023,16,16,16.0,16,4,21,0.0,0.0,None,131
2014-01-16 00:00:00-08:00,2014-01-16 00:00:00-08:00,23,16,8,7.0,2.0,-3.0,71,45,19,1024,1022,1020,16,16,16.0,13,3,16,0.0,0.0,None,125
2014-01-17 00:00:00-08:00,2014-01-17 00:00:00-08:00,19,13,7,7.0,4.0,2.0,71,53,34,1023,1021,1020,16,15,8.0,8,2,11,0.0,0.0,None,128
2014-01-18 00:00:00-08:00,2014-01-18 00:00:00-08:00,19,13,6,8.0,4.0,0.0,77,57,36,1022,1020,1018,16,14,11.0,11,2,19,0.0,0.0,None,128
2014-01-19 00:00:00-08:00,2014-01-19 00:00:00-08:00,19,13,6,7.0,3.0,1.0,76,54,32,1021,1019,1018,16,16,13.0,11,3,11,0.0,1.0,None,110
2014-01-20 00:00:00-08:00,2014-01-20 00:00:00-08:00,19,13,6,9.0,5.0,1.0,76,60,43,1024,1022,1020,16,15,11.0,14,3,14,0.0,1.0,None,354
2014-01-21 00:00:00-08:00,2014-01-21 00:00:00-08:00,20,13,6,7.0,3.0,-4.0,76,48,20,1025,1023,1021,16,16,16.0,19,3,21,0.0,3.0,None,258
2014-01-22 00:00:00-08:00,2014-01-22 00:00:00-08:00,18,13,7,8.0,5.0,-1.0,77,64,51,1022,1017,1013,16,16,16.0,29,8,35,0.0,1.0,None,304
2014-01-23 00:00:00-08:00,2014-01-23 00:00:00-08:00,21,14,7,8.0,3.0,-3.0,80,51,21,1016,1013,1012,16,15,11.0,27,7,34,0.0,0.0,None,61
2014-01-24 00:00:00-08:00,2014-01-24 00:00:00-08:00,18,13,8,8.0,5.0,0.0,80,56,32,1025,1021,1017,16,13,6.0,14,4,14,0.0,3.0,None,5
2014-01-25 00:00:00-08:00,2014-01-25 00:00:00-08:00,18,14,9,9.0,6.0,1.0,83,60,37,1025,1022,1020,16,15,11.0,19,3,21,0.0,2.0,None,281
2014-01-26 00:00:00-08:00,2014-01-26 00:00:00-08:00,19,14,9,9.0,6.0,1.0,83,65,46,1021,1019,1017,16,16,14.0,34,9,39,0.0,3.0,None,317
2014-01-27 00:00:00-08:00,2014-01-27 00:00:00-08:00,15,12,9,9.0,8.0,6.0,83,73,62,1023,1021,1019,16,16,11.0,29,10,32,0.0,6.0,None,301
2014-01-28 00:00:00-08:00,2014-01-28 00:00:00-08:00,18,15,12,14.0,12.0,8.0,90,81,72,1025,1023,1023,16,15,3.0,27,9,34,0.0,7.0,None,290
2014-01-29 00:00:00-08:00,2014-01-29 00:00:00-08:00,17,15,12,14.0,12.0,10.0,93,89,84,1023,1020,1016,16,15,11.0,32,13,35,2015-04-11 00:00:00,8.0,Rain,282
2014-01-30 00:00:00-08:00,2014-01-30 00:00:00-08:00,14,13,11,11.0,9.0,8.0,93,80,67,1015,1013,1012,16,16,14.0,48,22,61,2015-04-11 00:00:00,6.0,Rain,267
2014-01-31 00:00:00-08:00,2014-01-31 00:00:00-08:00,16,12,8,8.0,6.0,2.0,86,63,39,1019,1017,1013,16,16,14.0,52,20,61,0.0,1.0,None,285
2014-02-01 00:00:00-08:00,2014-02-01 00:00:00-08:00,15,11,6,6.0,4.0,2.0,82,63,43,1022,1020,1019,16,16,16.0,32,10,37,0.0,1.0,None,270
2014-02-02 00:00:00-08:00,2014-02-02 00:00:00-08:00,14,12,8,7.0,6.0,2.0,86,74,61,1017,1013,1011,16,13,6.0,47,20,53,21.59,7.0,Rain,111
2014-02-03 00:00:00-08:00,2014-02-03 00:00:00-08:00,13,11,8,6.0,5.0,4.0,82,69,55,1019,1017,1015,16,16,16.0,40,18,52,0.0,3.0,None,306
2014-02-04 00:00:00-08:00,2014-02-04 00:00:00-08:00,13,10,7,7.0,4.0,2.0,83,67,50,1022,1020,1019,16,16,16.0,34,12,37,0.0,4.0,None,288
2014-02-05 00:00:00-08:00,2014-02-05 00:00:00-08:00,13,9,6,8.0,6.0,3.0,86,73,59,1023,1021,1018,16,16,16.0,27,11,39,2.29,6.0,Rain,255
2014-02-06 00:00:00-08:00,2014-02-06 00:00:00-08:00,11,10,9,11.0,9.0,6.0,100,90,80,1017,1014,1013,16,12,4.0,32,11,37,16.26,8.0,Rain,100
2014-02-07 00:00:00-08:00,2014-02-07 00:00:00-08:00,13,12,11,12.0,11.0,9.0,100,92,83,1019,1017,1016,16,14,5.0,50,18,64,5.84,8.0,Rain,152
2014-02-08 00:00:00-08:00,2014-02-08 00:00:00-08:00,15,13,12,14.0,13.0,9.0,100,92,83,1021,1019,1018,16,8,2.0,45,20,60,10.67,8.0,Rain,164
2014-02-09 00:00:00-08:00,2014-02-09 00:00:00-08:00,15,14,13,14.0,13.0,11.0,100,92,83,1021,1020,1018,16,10,3.0,34,14,42,8.89,8.0,Rain,174
2014-02-10 00:00:00-08:00,2014-02-10 00:00:00-08:00,14,12,11,12.0,11.0,10.0,100,93,86,1026,1024,1021,16,14,3.0,27,15,32,2015-04-11 00:00:00,7.0,Rain,274
2014-02-11 00:00:00-08:00,2014-02-11 00:00:00-08:00,13,12,9,11.0,9.0,9.0,100,92,83,1025,1023,1022,16,15,11.0,35,15,42,0.0,6.0,None,287
2014-02-12 00:00:00-08:00,2014-02-12 00:00:00-08:00,13,11,8,11.0,9.0,7.0,100,92,83,1026,1024,1023,16,11,0.0,29,9,35,0.0,6.0,Fog,278
2014-02-13 00:00:00-08:00,2014-02-13 00:00:00-08:00,19,15,10,14.0,12.0,10.0,100,87,73,1024,1022,1020,16,10,0.0,24,12,32,0.0,6.0,Fog,288
2014-02-14 00:00:00-08:00,2014-02-14 00:00:00-08:00,19,16,13,13.0,12.0,10.0,100,80,60,1022,1020,1018,16,14,3.0,23,8,26,0.0,7.0,None,293
2014-02-15 00:00:00-08:00,2014-02-15 00:00:00-08:00,17,14,11,13.0,11.0,9.0,93,83,72,1017,1016,1016,16,16,11.0,27,9,34,2015-04-11 00:00:00,7.0,Rain,174
2014-02-16 00:00:00-08:00,2014-02-16 00:00:00-08:00,17,14,10,12.0,8.0,4.0,93,68,43,1023,1021,1018,16,16,10.0,32,13,37,0.25,3.0,None,292
2014-02-17 00:00:00-08:00,2014-02-17 00:00:00-08:00,16,12,8,9.0,7.0,6.0,86,69,51,1022,1021,1020,16,16,16.0,34,16,40,0.0,3.0,None,280
2014-02-18 00:00:00-08:00,2014-02-18 00:00:00-08:00,17,13,9,12.0,9.0,7.0,93,80,67,1023,1021,1020,16,16,8.0,35,12,40,0.0,5.0,None,272
2014-02-19 00:00:00-08:00,2014-02-19 00:00:00-08:00,17,14,11,12.0,9.0,6.0,93,72,51,1023,1021,1020,16,16,16.0,37,23,42,0.25,4.0,None,276
2014-02-20 00:00:00-08:00,2014-02-20 00:00:00-08:00,19,13,7,8.0,7.0,5.0,86,65,43,1023,1022,1020,16,16,14.0,29,9,35,0.0,4.0,None,277
2014-02-21 00:00:00-08:00,2014-02-21 00:00:00-08:00,21,14,8,11.0,8.0,4.0,86,61,35,1020,1018,1016,16,16,16.0,35,12,42,0.0,1.0,None,282
2014-02-22 00:00:00-08:00,2014-02-22 00:00:00-08:00,19,13,8,11.0,9.0,6.0,93,78,63,1017,1015,1014,16,16,16.0,37,14,45,0.0,2.0,None,286
2014-02-23 00:00:00-08:00,2014-02-23 00:00:00-08:00,17,13,8,11.0,8.0,7.0,93,81,69,1017,1016,1014,16,15,10.0,37,12,42,0.0,3.0,None,268
2014-02-24 00:00:00-08:00,2014-02-24 00:00:00-08:00,22,14,7,12.0,8.0,5.0,89,65,40,1016,1014,1013,16,16,16.0,27,10,34,0.0,1.0,None,302
2014-02-25 00:00:00-08:00,2014-02-25 00:00:00-08:00,17,13,9,12.0,9.0,7.0,89,78,67,1015,1014,1013,16,15,11.0,32,10,37,0.0,6.0,None,215
2014-02-26 00:00:00-08:00,2014-02-26 00:00:00-08:00,16,14,12,13.0,11.0,8.0,93,80,67,1014,1010,1005,16,14,6.0,50,24,63,10.92,8.0,Rain,147
2014-02-27 00:00:00-08:00,2014-02-27 00:00:00-08:00,18,16,13,12.0,11.0,10.0,86,76,65,1013,1008,999,16,16,13.0,34,16,50,1.27,7.0,Rain,163
2014-02-28 00:00:00-08:00,2014-02-28 00:00:00-08:00,16,14,12,13.0,11.0,7.0,93,79,64,999,996,995,16,14,5.0,40,24,50,17.27,7.0,Rain,131
2014-03-01 00:00:00-08:00,2014-03-01 00:00:00-08:00,17,14,12,13.0,12.0,10.0,100,89,78,1009,1003,998,16,16,11.0,35,14,47,3.56,6.0,Rain,125
2014-03-02 00:00:00-08:00,2014-03-02 00:00:00-08:00,16,13,11,13.0,11.0,9.0,100,85,69,1022,1016,1010,16,13,5.0,27,10,35,0.76,6.0,Rain,192
2014-03-03 00:00:00-08:00,2014-03-03 00:00:00-08:00,16,13,10,12.0,11.0,9.0,100,82,64,1021,1020,1016,16,16,16.0,34,11,39,2.03,7.0,Rain,136
2014-03-04 00:00:00-08:00,2014-03-04 00:00:00-08:00,17,14,12,13.0,13.0,11.0,100,92,84,1020,1019,1017,16,16,16.0,23,6,27,2015-04-11 00:00:00,7.0,None,339
2014-03-05 00:00:00-08:00,2014-03-05 00:00:00-08:00,20,17,13,15.0,13.0,8.0,100,73,45,1020,1018,1016,16,14,10.0,27,10,37,4.06,8.0,Rain,163
2014-03-06 00:00:00-08:00,2014-03-06 00:00:00-08:00,17,15,12,14.0,12.0,11.0,100,84,67,1023,1021,1017,16,15,11.0,23,12,26,2015-04-11 00:00:00,5.0,Rain,277
2014-03-07 00:00:00-08:00,2014-03-07 00:00:00-08:00,18,14,9,11.0,10.0,7.0,100,76,52,1022,1021,1020,16,16,11.0,35,17,40,0.0,3.0,None,291
2014-03-08 00:00:00-08:00,2014-03-08 00:00:00-08:00,19,14,9,13.0,10.0,8.0,100,78,56,1023,1021,1020,16,16,14.0,26,9,29,2015-04-11 00:00:00,5.0,Rain,306
2014-03-09 00:00:00-08:00,2014-03-09 00:00:00-08:00,22,18,14,14.0,11.0,7.0,86,62,38,1022,1020,1018,16,16,16.0,27,8,34,2015-04-11 00:00:00,6.0,Rain,295
2014-03-10 00:00:00-07:00,2014-03-10 00:00:00-07:00,19,16,13,13.0,11.0,8.0,93,75,56,1024,1022,1020,16,15,6.0,35,18,40,2015-04-11 00:00:00,5.0,Rain,289
2014-03-11 00:00:00-07:00,2014-03-11 00:00:00-07:00,21,17,13,8.0,3.0,0.0,62,45,27,1023,1019,1016,16,16,16.0,45,14,50,0.0,1.0,None,13
2014-03-12 00:00:00-07:00,2014-03-12 00:00:00-07:00,22,18,14,9.0,5.0,2.0,51,42,32,1019,1017,1016,16,16,16.0,58,28,69,0.0,1.0,None,7
2014-03-13 00:00:00-07:00,2014-03-13 00:00:00-07:00,24,18,12,11.0,7.0,2.0,83,57,31,1019,1017,1016,16,16,16.0,37,11,None,0.0,1.0,None,288
2014-03-14 00:00:00-07:00,2014-03-14 00:00:00-07:00,21,16,12,11.0,10.0,9.0,86,72,58,1024,1021,1019,16,16,14.0,37,16,40,0.0,3.0,None,267
2014-03-15 00:00:00-07:00,2014-03-15 00:00:00-07:00,24,18,11,14.0,11.0,8.0,86,65,43,1026,1025,1024,16,16,16.0,35,12,42,0.0,1.0,None,306
2014-03-16 00:00:00-07:00,2014-03-16 00:00:00-07:00,20,16,11,13.0,10.0,8.0,89,73,56,1027,1025,1023,16,16,16.0,56,20,69,0.0,3.0,None,291
2014-03-17 00:00:00-07:00,2014-03-17 00:00:00-07:00,19,15,11,11.0,8.0,7.0,83,68,52,1024,1020,1016,16,16,16.0,45,22,50,2015-04-11 00:00:00,3.0,None,282
2014-03-18 00:00:00-07:00,2014-03-18 00:00:00-07:00,22,16,9,8.0,3.0,-2.0,83,53,22,1015,1014,1013,16,16,13.0,34,8,39,0.0,1.0,None,273
2014-03-19 00:00:00-07:00,2014-03-19 00:00:00-07:00,23,16,9,10.0,5.0,1.0,83,53,23,1019,1017,1015,16,16,16.0,32,10,35,0.0,3.0,None,289
2014-03-20 00:00:00-07:00,2014-03-20 00:00:00-07:00,21,16,11,12.0,9.0,7.0,83,70,56,1018,1016,1014,16,16,14.0,42,18,50,0.0,4.0,None,285
2014-03-21 00:00:00-07:00,2014-03-21 00:00:00-07:00,18,14,9,9.0,8.0,7.0,86,71,56,1016,1015,1014,16,16,13.0,35,11,40,0.0,2.0,None,286
2014-03-22 00:00:00-07:00,2014-03-22 00:00:00-07:00,18,13,8,11.0,8.0,6.0,83,70,56,1020,1018,1016,16,16,16.0,29,12,35,0.0,1.0,None,299
2014-03-23 00:00:00-07:00,2014-03-23 00:00:00-07:00,18,14,9,11.0,8.0,7.0,89,73,56,1022,1021,1019,16,16,16.0,34,13,39,0.0,2.0,None,290
2014-03-24 00:00:00-07:00,2014-03-24 00:00:00-07:00,22,16,9,11.0,8.0,4.0,100,72,44,1021,1019,1016,16,13,0.0,37,17,42,0.0,2.0,Fog,288
2014-03-25 00:00:00-07:00,2014-03-25 00:00:00-07:00,17,13,9,13.0,10.0,5.0,86,75,64,1018,1014,1011,16,16,8.0,29,12,34,2.29,5.0,Rain,232
2014-03-26 00:00:00-07:00,2014-03-26 00:00:00-07:00,17,14,12,12.0,10.0,9.0,86,75,64,1015,1012,1009,16,15,6.0,40,18,47,9.14,6.0,Rain,235
2014-03-27 00:00:00-07:00,2014-03-27 00:00:00-07:00,18,16,12,10.0,9.0,7.0,83,66,48,1021,1018,1015,16,16,14.0,24,13,34,2015-04-11 00:00:00,7.0,Rain,220
2014-03-28 00:00:00-07:00,2014-03-28 00:00:00-07:00,22,17,13,12.0,11.0,9.0,86,67,47,1022,1021,1020,16,16,16.0,39,15,47,2015-04-11 00:00:00,6.0,Rain,176
2014-03-29 00:00:00-07:00,2014-03-29 00:00:00-07:00,16,14,12,14.0,12.0,8.0,93,83,72,1021,1018,1016,16,13,2.0,39,17,45,14.48,7.0,Rain,224
2014-03-30 00:00:00-07:00,2014-03-30 00:00:00-07:00,16,13,10,9.0,8.0,6.0,89,70,51,1021,1019,1018,16,16,16.0,26,15,45,0.25,3.0,None,264
2014-03-31 00:00:00-07:00,2014-03-31 00:00:00-07:00,14,12,9,9.0,7.0,6.0,86,74,62,1019,1013,1011,16,15,5.0,37,15,52,12.45,5.0,Rain,170
2014-04-01 00:00:00-07:00,2014-04-01 00:00:00-07:00,15,12,9,8.0,7.0,6.0,93,78,62,1014,1012,1010,16,15,10.0,39,14,58,15.75,7.0,Rain,163
2014-04-02 00:00:00-07:00,2014-04-02 00:00:00-07:00,16,12,8,8.0,7.0,6.0,86,71,55,1020,1017,1012,16,16,16.0,35,14,40,9.14,4.0,Rain,66
2014-04-03 00:00:00-07:00,2014-04-03 00:00:00-07:00,18,14,9,11.0,8.0,6.0,86,67,48,1020,1019,1017,16,16,16.0,26,10,39,0.0,6.0,None,189
2014-04-04 00:00:00-07:00,2014-04-04 00:00:00-07:00,16,13,11,10.0,9.0,7.0,89,73,57,1018,1017,1015,16,16,11.0,35,18,45,5.59,6.0,Rain,271
2014-04-05 00:00:00-07:00,2014-04-05 00:00:00-07:00,17,14,10,10.0,9.0,8.0,89,75,60,1023,1021,1018,16,16,14.0,45,21,53,0.0,1.0,None,276
2014-04-06 00:00:00-07:00,2014-04-06 00:00:00-07:00,23,17,10,13.0,11.0,8.0,89,67,44,1024,1022,1020,16,16,14.0,37,11,42,0.0,2.0,None,285
2014-04-07 00:00:00-07:00,2014-04-07 00:00:00-07:00,28,21,13,14.0,11.0,9.0,86,63,39,1021,1020,1018,16,16,16.0,35,10,39,0.0,0.0,None,310
2014-04-08 00:00:00-07:00,2014-04-08 00:00:00-07:00,26,19,13,16.0,12.0,10.0,86,68,49,1020,1018,1017,16,16,16.0,35,15,40,0.0,4.0,None,303
2014-04-09 00:00:00-07:00,2014-04-09 00:00:00-07:00,18,14,11,12.0,11.0,9.0,96,82,67,1019,1017,1015,16,16,16.0,40,22,47,0.0,4.0,None,299
2014-04-10 00:00:00-07:00,2014-04-10 00:00:00-07:00,22,16,9,12.0,10.0,8.0,93,71,49,1017,1015,1012,16,14,3.0,40,14,47,0.0,5.0,None,305
2014-04-11 00:00:00-07:00,2014-04-11 00:00:00-07:00,18,15,12,12.0,11.0,9.0,93,80,67,1014,1013,1011,16,16,16.0,32,16,37,0.0,6.0,None,290
2014-04-12 00:00:00-07:00,2014-04-12 00:00:00-07:00,19,15,11,11.0,9.0,7.0,83,68,52,1014,1013,1012,16,16,16.0,35,12,45,0.0,2.0,None,254
2014-04-13 00:00:00-07:00,2014-04-13 00:00:00-07:00,22,17,12,12.0,10.0,8.0,93,75,57,1018,1016,1015,16,16,14.0,40,16,48,0.0,4.0,None,270
2014-04-14 00:00:00-07:00,2014-04-14 00:00:00-07:00,20,16,11,12.0,11.0,10.0,96,80,63,1020,1019,1017,16,16,13.0,45,19,50,0.0,4.0,None,295
2014-04-15 00:00:00-07:00,2014-04-15 00:00:00-07:00,18,15,11,11.0,9.0,8.0,89,75,60,1019,1016,1013,16,16,14.0,39,17,47,0.0,3.0,None,273
2014-04-16 00:00:00-07:00,2014-04-16 00:00:00-07:00,23,17,11,11.0,9.0,8.0,83,65,47,1013,1012,1010,16,16,13.0,45,19,52,0.0,2.0,None,292
2014-04-17 00:00:00-07:00,2014-04-17 00:00:00-07:00,18,15,12,11.0,9.0,8.0,89,73,56,1012,1011,1009,16,16,13.0,47,27,58,0.0,3.0,None,277
2014-04-18 00:00:00-07:00,2014-04-18 00:00:00-07:00,17,14,11,10.0,9.0,7.0,83,72,60,1014,1013,1012,16,16,14.0,40,22,48,0.0,3.0,None,276
2014-04-19 00:00:00-07:00,2014-04-19 00:00:00-07:00,17,14,11,12.0,9.0,7.0,89,73,56,1020,1019,1014,16,16,13.0,39,21,47,2015-04-11 00:00:00,4.0,None,267
2014-04-20 00:00:00-07:00,2014-04-20 00:00:00-07:00,26,18,11,16.0,9.0,6.0,89,60,30,1021,1020,1018,16,16,16.0,45,16,50,0.0,1.0,None,304
2014-04-21 00:00:00-07:00,2014-04-21 00:00:00-07:00,21,16,11,10.0,9.0,7.0,77,63,48,1019,1017,1015,16,16,14.0,40,20,47,0.0,5.0,None,283
2014-04-22 00:00:00-07:00,2014-04-22 00:00:00-07:00,17,14,11,11.0,7.0,3.0,89,64,39,1021,1019,1015,16,16,5.0,58,37,66,1.02,4.0,Rain,276
2014-04-23 00:00:00-07:00,2014-04-23 00:00:00-07:00,19,15,11,11.0,7.0,5.0,86,66,46,1021,1020,1019,16,16,16.0,52,25,61,0.0,3.0,None,282
2014-04-24 00:00:00-07:00,2014-04-24 00:00:00-07:00,19,16,13,13.0,12.0,10.0,93,76,58,1020,1018,1015,16,16,16.0,39,18,47,2015-04-11 00:00:00,6.0,Rain,265
2014-04-25 00:00:00-07:00,2014-04-25 00:00:00-07:00,23,17,11,13.0,10.0,8.0,100,89,77,1015,1012,1010,16,15,5.0,47,20,58,9.4,7.0,Rain,252
2014-04-26 00:00:00-07:00,2014-04-26 00:00:00-07:00,17,13,9,8.0,6.0,4.0,83,62,39,1019,1015,1011,16,16,16.0,42,24,53,0.0,4.0,None,267
2014-04-27 00:00:00-07:00,2014-04-27 00:00:00-07:00,18,15,12,11.0,9.0,8.0,86,73,60,1021,1019,1017,16,16,16.0,35,17,42,0.0,6.0,None,229
2014-04-28 00:00:00-07:00,2014-04-28 00:00:00-07:00,21,16,11,11.0,8.0,4.0,89,63,37,1024,1022,1021,16,16,14.0,42,19,53,0.0,1.0,None,285
2014-04-29 00:00:00-07:00,2014-04-29 00:00:00-07:00,30,21,12,12.0,8.0,5.0,72,47,21,1023,1021,1017,16,16,16.0,29,9,34,0.0,2.0,None,276
2014-04-30 00:00:00-07:00,2014-04-30 00:00:00-07:00,32,24,16,14.0,9.0,1.0,72,46,19,1019,1017,1015,16,16,16.0,21,7,24,0.0,2.0,None,297
2014-05-01 00:00:00-07:00,2014-05-01 00:00:00-07:00,30,23,17,15.0,8.0,1.0,66,41,16,1019,1018,1017,16,16,16.0,45,13,53,0.0,3.0,None,312
2014-05-02 00:00:00-07:00,2014-05-02 00:00:00-07:00,23,18,12,12.0,11.0,8.0,93,69,44,1019,1018,1017,16,16,16.0,40,22,50,0.0,5.0,None,290
2014-05-03 00:00:00-07:00,2014-05-03 00:00:00-07:00,19,16,13,12.0,11.0,9.0,86,69,52,1018,1017,1016,16,16,16.0,45,28,56,0.0,6.0,None,267
2014-05-04 00:00:00-07:00,2014-05-04 00:00:00-07:00,20,17,14,12.0,12.0,11.0,86,72,58,1019,1017,1017,16,16,16.0,34,20,39,0.0,6.0,None,278
2014-05-05 00:00:00-07:00,2014-05-05 00:00:00-07:00,19,16,13,12.0,10.0,8.0,86,69,52,1018,1016,1015,16,16,16.0,56,33,76,0.0,4.0,None,270
2014-05-06 00:00:00-07:00,2014-05-06 00:00:00-07:00,19,16,11,9.0,8.0,7.0,83,64,45,1014,1013,1012,16,16,16.0,63,30,72,0.0,1.0,None,278
2014-05-07 00:00:00-07:00,2014-05-07 00:00:00-07:00,18,14,11,9.0,8.0,7.0,83,68,52,1016,1015,1012,16,16,16.0,48,27,60,0.0,3.0,None,262
2014-05-08 00:00:00-07:00,2014-05-08 00:00:00-07:00,18,16,12,14.0,12.0,9.0,84,76,67,1019,1018,1016,16,15,5.0,37,17,47,2015-04-11 00:00:00,7.0,Rain,227
2014-05-09 00:00:00-07:00,2014-05-09 00:00:00-07:00,19,16,12,14.0,11.0,9.0,93,73,52,1022,1021,1019,16,16,16.0,53,27,66,0.0,4.0,None,276
2014-05-10 00:00:00-07:00,2014-05-10 00:00:00-07:00,19,16,11,9.0,8.0,6.0,83,64,44,1021,1019,1017,16,16,16.0,63,33,76,0.0,1.0,None,277
2014-05-11 00:00:00-07:00,2014-05-11 00:00:00-07:00,24,17,11,9.0,6.0,2.0,77,51,25,1020,1018,1016,16,16,16.0,56,25,64,0.0,1.0,None,301
2014-05-12 00:00:00-07:00,2014-05-12 00:00:00-07:00,29,20,11,13.0,8.0,4.0,77,51,25,1020,1019,1017,16,16,16.0,40,13,48,0.0,2.0,None,288
2014-05-13 00:00:00-07:00,2014-05-13 00:00:00-07:00,33,24,15,15.0,8.0,3.0,68,42,15,1020,1019,1018,16,16,14.0,32,9,35,0.0,1.0,None,306
2014-05-14 00:00:00-07:00,2014-05-14 00:00:00-07:00,33,25,17,15.0,8.0,1.0,73,44,15,1020,1019,1017,16,16,16.0,35,13,40,0.0,1.0,None,310
2014-05-15 00:00:00-07:00,2014-05-15 00:00:00-07:00,29,22,14,14.0,7.0,3.0,67,47,27,1019,1019,1018,16,16,16.0,47,17,53,0.0,4.0,None,294
2014-05-16 00:00:00-07:00,2014-05-16 00:00:00-07:00,22,18,13,12.0,11.0,9.0,86,65,44,1019,1018,1016,16,16,16.0,48,27,60,0.0,5.0,None,280
2014-05-17 00:00:00-07:00,2014-05-17 00:00:00-07:00,19,17,14,12.0,11.0,9.0,86,72,58,1017,1016,1015,16,16,16.0,48,26,61,0.0,6.0,None,265
2014-05-18 00:00:00-07:00,2014-05-18 00:00:00-07:00,20,17,14,12.0,11.0,9.0,86,72,58,1016,1015,1014,16,16,16.0,63,33,74,0.0,3.0,None,272
2014-05-19 00:00:00-07:00,2014-05-19 00:00:00-07:00,20,17,13,12.0,11.0,9.0,80,66,52,1015,1015,1014,16,16,16.0,47,30,53,2015-04-11 00:00:00,6.0,None,268
2014-05-20 00:00:00-07:00,2014-05-20 00:00:00-07:00,22,18,13,12.0,11.0,9.0,83,65,47,1016,1015,1014,16,16,16.0,37,22,45,0.0,5.0,None,267
2014-05-21 00:00:00-07:00,2014-05-21 00:00:00-07:00,22,18,13,12.0,11.0,11.0,86,70,53,1015,1014,1014,16,16,16.0,40,19,47,0.0,5.0,None,271
2014-05-22 00:00:00-07:00,2014-05-22 00:00:00-07:00,21,17,12,12.0,11.0,11.0,86,72,57,1017,1015,1014,16,16,14.0,35,20,42,0.0,5.0,None,278
2014-05-23 00:00:00-07:00,2014-05-23 00:00:00-07:00,21,17,12,12.0,11.0,10.0,93,76,59,1017,1016,1014,16,16,16.0,45,20,53,0.0,5.0,None,281
2014-05-24 00:00:00-07:00,2014-05-24 00:00:00-07:00,19,16,13,12.0,11.0,9.0,86,71,56,1016,1015,1014,16,16,16.0,40,25,52,0.0,3.0,None,279
2014-05-25 00:00:00-07:00,2014-05-25 00:00:00-07:00,22,17,12,11.0,9.0,8.0,83,62,41,1015,1014,1013,16,16,16.0,60,26,66,0.0,1.0,None,288
2014-05-26 00:00:00-07:00,2014-05-26 00:00:00-07:00,22,18,13,12.0,10.0,8.0,83,68,53,1017,1016,1014,16,16,16.0,60,35,71,0.0,1.0,None,280
2014-05-27 00:00:00-07:00,2014-05-27 00:00:00-07:00,20,16,12,9.0,8.0,7.0,77,63,48,1018,1017,1015,16,16,16.0,60,30,69,0.0,1.0,None,271
2014-05-28 00:00:00-07:00,2014-05-28 00:00:00-07:00,22,17,12,8.0,7.0,5.0,77,57,37,1019,1017,1014,16,16,16.0,45,27,53,0.0,0.0,None,274
2014-05-29 00:00:00-07:00,2014-05-29 00:00:00-07:00,26,19,12,13.0,9.0,7.0,77,55,33,1014,1014,1013,16,16,16.0,39,16,45,0.0,1.0,None,288
2014-05-30 00:00:00-07:00,2014-05-30 00:00:00-07:00,18,15,11,10.0,9.0,8.0,83,72,60,1015,1014,1013,16,16,14.0,42,22,56,0.0,5.0,None,264
2014-05-31 00:00:00-07:00,2014-05-31 00:00:00-07:00,20,16,11,12.0,11.0,9.0,89,74,58,1015,1014,1013,16,16,16.0,40,18,47,0.0,4.0,None,289
2014-06-01 00:00:00-07:00,2014-06-01 00:00:00-07:00,22,17,11,13.0,11.0,9.0,96,75,53,1014,1012,1009,16,16,16.0,37,18,42,0.0,2.0,None,306
2014-06-02 00:00:00-07:00,2014-06-02 00:00:00-07:00,19,16,11,11.0,10.0,8.0,89,74,58,1013,1012,1010,16,16,16.0,39,16,47,0.0,4.0,None,227
2014-06-03 00:00:00-07:00,2014-06-03 00:00:00-07:00,19,16,12,11.0,10.0,9.0,89,74,58,1014,1013,1012,16,16,16.0,37,18,45,0.0,2.0,None,267
2014-06-04 00:00:00-07:00,2014-06-04 00:00:00-07:00,20,16,12,12.0,11.0,9.0,89,72,55,1013,1011,1010,16,16,14.0,39,18,47,0.0,3.0,None,304
2014-06-05 00:00:00-07:00,2014-06-05 00:00:00-07:00,22,17,12,13.0,12.0,10.0,93,75,57,1011,1010,1009,16,16,16.0,37,16,47,0.0,1.0,None,311
2014-06-06 00:00:00-07:00,2014-06-06 00:00:00-07:00,22,17,12,13.0,12.0,10.0,93,75,57,1011,1010,1009,16,16,16.0,39,18,47,0.0,1.0,None,303
2014-06-07 00:00:00-07:00,2014-06-07 00:00:00-07:00,21,17,12,13.0,11.0,10.0,93,74,55,1011,1010,1008,16,16,14.0,39,17,47,0.0,2.0,None,303
2014-06-08 00:00:00-07:00,2014-06-08 00:00:00-07:00,31,22,13,15.0,12.0,11.0,86,58,29,1010,1008,1006,16,16,14.0,37,17,45,0.0,0.0,None,291
2014-06-09 00:00:00-07:00,2014-06-09 00:00:00-07:00,25,20,14,16.0,13.0,12.0,84,67,50,1008,1007,1005,16,16,16.0,42,19,50,0.0,1.0,None,297
2014-06-10 00:00:00-07:00,2014-06-10 00:00:00-07:00,23,19,14,14.0,13.0,12.0,87,72,57,1010,1008,1007,16,16,16.0,35,15,42,0.0,2.0,None,291
2014-06-11 00:00:00-07:00,2014-06-11 00:00:00-07:00,23,18,14,13.0,12.0,11.0,80,65,49,1013,1011,1010,16,16,16.0,32,18,40,0.0,1.0,None,203
2014-06-12 00:00:00-07:00,2014-06-12 00:00:00-07:00,19,17,13,11.0,11.0,10.0,86,71,56,1016,1014,1013,16,16,16.0,58,27,106,0.0,4.0,None,258
2014-06-13 00:00:00-07:00,2014-06-13 00:00:00-07:00,23,18,12,13.0,11.0,10.0,93,70,46,1015,1014,1013,16,16,16.0,48,24,56,0.0,2.0,None,280
2014-06-14 00:00:00-07:00,2014-06-14 00:00:00-07:00,29,21,13,13.0,11.0,9.0,83,58,33,1014,1012,1010,16,16,16.0,42,17,48,0.0,2.0,None,290
2014-06-15 00:00:00-07:00,2014-06-15 00:00:00-07:00,21,17,13,11.0,11.0,9.0,83,69,55,1011,1010,1009,16,16,16.0,61,27,74,0.0,5.0,None,252
2014-06-16 00:00:00-07:00,2014-06-16 00:00:00-07:00,18,16,13,11.0,9.0,8.0,86,71,56,1014,1012,1011,16,16,16.0,52,26,66,0.0,4.0,None,250
2014-06-17 00:00:00-07:00,2014-06-17 00:00:00-07:00,24,18,12,9.0,8.0,6.0,77,56,35,1014,1013,1012,16,16,16.0,40,17,48,0.0,1.0,None,281
2014-06-18 00:00:00-07:00,2014-06-18 00:00:00-07:00,30,22,13,15.0,10.0,6.0,77,49,21,1014,1014,1013,16,16,16.0,40,17,50,0.0,0.0,None,299
2014-06-19 00:00:00-07:00,2014-06-19 00:00:00-07:00,22,18,13,11.0,11.0,10.0,86,69,51,1016,1015,1014,16,16,16.0,39,22,47,0.0,2.0,None,293
2014-06-20 00:00:00-07:00,2014-06-20 00:00:00-07:00,24,19,13,12.0,11.0,9.0,80,63,46,1015,1015,1014,16,16,16.0,47,22,58,0.0,4.0,None,287
2014-06-21 00:00:00-07:00,2014-06-21 00:00:00-07:00,19,16,13,11.0,10.0,9.0,83,72,60,1014,1013,1012,16,16,16.0,47,19,56,0.0,4.0,None,280
2014-06-22 00:00:00-07:00,2014-06-22 00:00:00-07:00,20,17,13,11.0,11.0,9.0,80,69,58,1015,1014,1013,16,16,16.0,50,21,61,0.0,3.0,None,267
2014-06-23 00:00:00-07:00,2014-06-23 00:00:00-07:00,22,18,13,11.0,11.0,8.0,86,67,48,1015,1014,1013,16,16,14.0,47,23,56,0.0,4.0,None,279
2014-06-24 00:00:00-07:00,2014-06-24 00:00:00-07:00,21,17,14,13.0,12.0,10.0,87,72,57,1017,1015,1014,16,16,16.0,58,27,66,0.25,3.0,None,278
2014-06-25 00:00:00-07:00,2014-06-25 00:00:00-07:00,21,18,14,15.0,14.0,13.0,93,81,68,1016,1015,1015,16,16,16.0,37,21,48,2015-04-11 00:00:00,7.0,None,260
2014-06-26 00:00:00-07:00,2014-06-26 00:00:00-07:00,23,18,14,14.0,13.0,12.0,100,77,53,1016,1015,1015,16,15,8.0,40,20,47,2015-04-11 00:00:00,5.0,Rain,275
2014-06-27 00:00:00-07:00,2014-06-27 00:00:00-07:00,24,19,15,16.0,14.0,13.0,90,74,57,1016,1015,1014,16,16,16.0,40,21,50,0.0,4.0,None,272
2014-06-28 00:00:00-07:00,2014-06-28 00:00:00-07:00,23,19,14,13.0,12.0,11.0,93,71,49,1015,1014,1013,16,16,16.0,52,28,61,0.0,4.0,None,276
2014-06-29 00:00:00-07:00,2014-06-29 00:00:00-07:00,27,21,14,16.0,12.0,11.0,86,63,39,1014,1012,1010,16,16,16.0,48,21,53,0.0,0.0,None,298
2014-06-30 00:00:00-07:00,2014-06-30 00:00:00-07:00,28,22,15,16.0,13.0,11.0,84,63,42,1010,1009,1008,16,16,14.0,34,15,39,0.0,4.0,None,302
2014-07-01 00:00:00-07:00,2014-07-01 00:00:00-07:00,24,19,14,15.0,13.0,12.0,87,70,53,1011,1010,1009,16,16,16.0,34,13,39,0.0,2.0,None,305
2014-07-02 00:00:00-07:00,2014-07-02 00:00:00-07:00,24,19,14,14.0,13.0,12.0,87,69,50,1013,1012,1011,16,16,14.0,42,20,53,0.0,4.0,None,273
2014-07-03 00:00:00-07:00,2014-07-03 00:00:00-07:00,23,18,14,12.0,12.0,12.0,86,70,53,1014,1013,1012,16,16,16.0,34,19,40,0.0,1.0,None,279
2014-07-04 00:00:00-07:00,2014-07-04 00:00:00-07:00,20,17,13,12.0,12.0,11.0,93,74,55,1016,1014,1013,16,16,13.0,42,20,52,0.0,1.0,None,296
2014-07-05 00:00:00-07:00,2014-07-05 00:00:00-07:00,22,17,12,13.0,12.0,11.0,93,75,57,1019,1017,1016,16,16,16.0,40,22,48,0.0,2.0,None,291
2014-07-06 00:00:00-07:00,2014-07-06 00:00:00-07:00,21,16,12,13.0,12.0,11.0,100,79,57,1018,1016,1014,16,16,16.0,47,26,52,0.0,1.0,None,296
2014-07-07 00:00:00-07:00,2014-07-07 00:00:00-07:00,22,17,12,14.0,13.0,12.0,100,81,61,1014,1012,1010,16,16,16.0,40,20,47,0.0,5.0,None,304
2014-07-08 00:00:00-07:00,2014-07-08 00:00:00-07:00,24,19,13,14.0,13.0,12.0,93,73,53,1013,1012,1011,16,16,16.0,32,14,40,0.0,2.0,None,307
2014-07-09 00:00:00-07:00,2014-07-09 00:00:00-07:00,24,19,15,16.0,13.0,13.0,87,72,57,1014,1013,1011,16,16,14.0,29,13,35,0.0,4.0,None,251
2014-07-10 00:00:00-07:00,2014-07-10 00:00:00-07:00,23,20,16,14.0,13.0,13.0,84,69,53,1014,1013,1012,16,16,16.0,37,19,48,0.0,4.0,None,212
2014-07-11 00:00:00-07:00,2014-07-11 00:00:00-07:00,22,19,16,14.0,13.0,12.0,84,71,57,1019,1016,1014,16,16,16.0,35,21,42,0.0,3.0,None,236
2014-07-12 00:00:00-07:00,2014-07-12 00:00:00-07:00,21,17,12,14.0,13.0,9.0,93,78,63,1020,1018,1017,16,16,16.0,45,23,53,0.0,6.0,None,274
2014-07-13 00:00:00-07:00,2014-07-13 00:00:00-07:00,20,16,12,14.0,12.0,9.0,100,84,68,1017,1015,1012,16,16,14.0,40,26,48,0.0,6.0,None,283
2014-07-14 00:00:00-07:00,2014-07-14 00:00:00-07:00,24,19,14,16.0,14.0,13.0,93,75,57,1013,1012,1011,16,16,16.0,35,16,39,0.0,4.0,None,304
2014-07-15 00:00:00-07:00,2014-07-15 00:00:00-07:00,27,21,15,18.0,16.0,14.0,93,74,54,1016,1014,1013,16,16,16.0,29,14,37,0.0,6.0,None,285
2014-07-16 00:00:00-07:00,2014-07-16 00:00:00-07:00,26,21,17,17.0,15.0,14.0,93,74,54,1017,1016,1015,16,16,14.0,35,17,47,0.0,4.0,None,242
2014-07-17 00:00:00-07:00,2014-07-17 00:00:00-07:00,23,21,17,15.0,14.0,14.0,84,71,57,1016,1015,1014,16,16,16.0,37,16,48,0.0,3.0,None,237
2014-07-18 00:00:00-07:00,2014-07-18 00:00:00-07:00,23,20,17,14.0,14.0,14.0,84,71,57,1017,1015,1014,16,16,16.0,29,17,45,0.0,3.0,None,230
2014-07-19 00:00:00-07:00,2014-07-19 00:00:00-07:00,23,20,16,16.0,14.0,13.0,90,76,61,1014,1014,1013,16,16,16.0,34,18,37,0.0,5.0,None,288
2014-07-20 00:00:00-07:00,2014-07-20 00:00:00-07:00,26,20,14,16.0,15.0,13.0,97,76,54,1015,1014,1013,16,16,16.0,32,17,50,0.0,5.0,None,280
2014-07-21 00:00:00-07:00,2014-07-21 00:00:00-07:00,24,22,18,16.0,15.0,13.0,81,69,57,1018,1017,1015,16,16,16.0,35,17,45,0.0,4.0,None,255
2014-07-22 00:00:00-07:00,2014-07-22 00:00:00-07:00,25,22,18,15.0,14.0,14.0,84,69,54,1020,1018,1017,16,16,16.0,35,15,47,2015-04-11 00:00:00,5.0,Thunderstorm,240
2014-07-23 00:00:00-07:00,2014-07-23 00:00:00-07:00,24,21,18,17.0,16.0,14.0,84,74,64,1021,1019,1017,16,16,16.0,39,19,48,0.0,4.0,None,257
2014-07-24 00:00:00-07:00,2014-07-24 00:00:00-07:00,28,22,16,17.0,14.0,12.0,90,68,45,1017,1014,1010,16,16,16.0,42,23,50,0.0,2.0,None,293
2014-07-25 00:00:00-07:00,2014-07-25 00:00:00-07:00,32,24,17,19.0,14.0,12.0,84,61,37,1012,1011,1010,16,16,16.0,42,17,47,0.0,1.0,None,310
2014-07-26 00:00:00-07:00,2014-07-26 00:00:00-07:00,25,21,16,15.0,14.0,14.0,84,69,54,1014,1013,1012,16,16,16.0,42,22,50,0.0,2.0,None,299
2014-07-27 00:00:00-07:00,2014-07-27 00:00:00-07:00,25,21,16,16.0,14.0,14.0,90,74,57,1016,1014,1013,16,16,16.0,40,21,50,2015-04-11 00:00:00,3.0,Rain,300
2014-07-28 00:00:00-07:00,2014-07-28 00:00:00-07:00,23,19,16,15.0,14.0,14.0,90,74,57,1017,1017,1015,16,16,16.0,42,22,50,0.0,5.0,None,299
2014-07-29 00:00:00-07:00,2014-07-29 00:00:00-07:00,23,19,16,15.0,14.0,14.0,90,76,61,1018,1016,1015,16,16,16.0,40,24,47,0.0,2.0,None,298
2014-07-30 00:00:00-07:00,2014-07-30 00:00:00-07:00,22,18,14,14.0,14.0,13.0,100,81,61,1016,1015,1014,16,16,16.0,42,24,48,0.0,1.0,None,296
2014-07-31 00:00:00-07:00,2014-07-31 00:00:00-07:00,22,18,14,15.0,14.0,13.0,100,81,61,1015,1014,1012,16,16,16.0,39,21,47,0.0,4.0,None,304
2014-08-01 00:00:00-07:00,2014-08-01 00:00:00-07:00,22,19,15,14.0,14.0,14.0,90,76,61,1013,1012,1011,16,16,16.0,39,24,47,0.0,3.0,None,297
2014-08-02 00:00:00-07:00,2014-08-02 00:00:00-07:00,21,18,15,14.0,13.0,13.0,93,78,63,1014,1013,1013,16,16,16.0,43,25,53,0.0,4.0,None,286
2014-08-03 00:00:00-07:00,2014-08-03 00:00:00-07:00,21,18,16,14.0,13.0,13.0,84,73,61,1015,1014,1013,16,16,16.0,35,18,45,0.0,6.0,None,254
2014-08-04 00:00:00-07:00,2014-08-04 00:00:00-07:00,24,20,16,15.0,14.0,13.0,84,73,61,1016,1015,1014,16,16,16.0,26,14,35,0.0,6.0,None,261
2014-08-05 00:00:00-07:00,2014-08-05 00:00:00-07:00,23,20,17,17.0,14.0,14.0,84,75,66,1019,1017,1016,16,16,16.0,37,17,42,0.0,6.0,None,296
2014-08-06 00:00:00-07:00,2014-08-06 00:00:00-07:00,25,21,16,17.0,15.0,14.0,90,75,60,1017,1016,1014,16,16,16.0,37,21,45,2015-04-11 00:00:00,6.0,Rain,295
2014-08-07 00:00:00-07:00,2014-08-07 00:00:00-07:00,21,18,16,14.0,14.0,13.0,90,77,63,1015,1014,1013,16,16,16.0,42,19,48,0.0,4.0,None,285
2014-08-08 00:00:00-07:00,2014-08-08 00:00:00-07:00,23,19,16,13.0,13.0,12.0,84,69,53,1014,1013,1012,16,16,16.0,35,18,40,0.0,2.0,None,292
2014-08-09 00:00:00-07:00,2014-08-09 00:00:00-07:00,21,18,15,13.0,13.0,12.0,87,74,61,1016,1014,1013,16,16,16.0,40,22,47,0.0,5.0,None,260
2014-08-10 00:00:00-07:00,2014-08-10 00:00:00-07:00,25,21,16,16.0,14.0,13.0,84,69,54,1016,1015,1013,16,16,16.0,29,12,35,0.0,5.0,None,235
2014-08-11 00:00:00-07:00,2014-08-11 00:00:00-07:00,26,21,16,16.0,14.0,13.0,84,66,48,1014,1014,1012,16,16,16.0,32,13,42,0.0,4.0,None,285
2014-08-12 00:00:00-07:00,2014-08-12 00:00:00-07:00,25,21,17,15.0,14.0,13.0,84,69,54,1015,1014,1013,16,16,16.0,35,17,42,0.0,5.0,None,249
2014-08-13 00:00:00-07:00,2014-08-13 00:00:00-07:00,25,21,16,15.0,14.0,13.0,90,72,54,1016,1015,1014,16,16,16.0,45,20,52,0.0,3.0,None,285
2014-08-14 00:00:00-07:00,2014-08-14 00:00:00-07:00,23,19,16,15.0,14.0,14.0,90,76,61,1015,1014,1012,16,16,16.0,39,19,45,0.0,3.0,None,298
2014-08-15 00:00:00-07:00,2014-08-15 00:00:00-07:00,23,19,16,16.0,14.0,13.0,90,74,57,1016,1015,1014,16,16,16.0,39,17,45,0.0,3.0,None,293
2014-08-16 00:00:00-07:00,2014-08-16 00:00:00-07:00,23,19,15,16.0,14.0,14.0,97,79,61,1017,1016,1014,16,16,16.0,40,17,47,0.0,4.0,None,304
2014-08-17 00:00:00-07:00,2014-08-17 00:00:00-07:00,22,18,14,15.0,14.0,13.0,97,79,61,1017,1015,1013,16,16,16.0,45,19,50,0.0,5.0,None,287
2014-08-18 00:00:00-07:00,2014-08-18 00:00:00-07:00,21,18,16,14.0,14.0,13.0,90,78,66,1013,1012,1010,16,16,11.0,39,18,52,0.0,6.0,None,265
2014-08-19 00:00:00-07:00,2014-08-19 00:00:00-07:00,24,20,16,15.0,14.0,14.0,90,74,57,1012,1011,1009,16,16,13.0,27,11,40,0.0,5.0,None,212
2014-08-20 00:00:00-07:00,2014-08-20 00:00:00-07:00,23,20,17,15.0,14.0,14.0,84,73,61,1014,1012,1011,16,16,16.0,39,15,47,0.0,3.0,None,204
2014-08-21 00:00:00-07:00,2014-08-21 00:00:00-07:00,23,20,16,16.0,15.0,14.0,97,81,64,1015,1013,1013,16,16,16.0,40,17,48,0.0,2.0,None,275
2014-08-22 00:00:00-07:00,2014-08-22 00:00:00-07:00,25,20,15,16.0,14.0,13.0,97,77,56,1014,1013,1013,16,16,16.0,40,14,48,0.0,2.0,None,276
2014-08-23 00:00:00-07:00,2014-08-23 00:00:00-07:00,24,19,14,15.0,13.0,12.0,93,72,50,1014,1013,1011,16,16,16.0,23,9,39,0.0,2.0,None,281
2014-08-24 00:00:00-07:00,2014-08-24 00:00:00-07:00,24,19,14,15.0,13.0,12.0,87,72,57,1013,1011,1010,16,16,16.0,35,16,40,0.0,3.0,None,264
2014-08-25 00:00:00-07:00,2014-08-25 00:00:00-07:00,23,20,16,14.0,13.0,12.0,84,69,53,1014,1012,1011,16,16,16.0,32,13,40,0.0,4.0,None,218
2014-08-26 00:00:00-07:00,2014-08-26 00:00:00-07:00,23,19,15,14.0,13.0,12.0,84,71,57,1016,1015,1014,16,16,16.0,37,17,45,0.0,1.0,None,283
2014-08-27 00:00:00-07:00,2014-08-27 00:00:00-07:00,23,19,16,16.0,15.0,14.0,90,76,61,1018,1017,1016,16,16,16.0,42,19,48,0.0,1.0,None,295
2014-08-28 00:00:00-07:00,2014-08-28 00:00:00-07:00,23,19,15,16.0,15.0,14.0,97,79,61,1019,1017,1014,16,16,16.0,48,20,53,0.0,3.0,None,293
2014-08-29 00:00:00-07:00,2014-08-29 00:00:00-07:00,22,19,16,16.0,16.0,14.0,97,83,68,1015,1013,1012,16,16,14.0,40,16,52,0.0,6.0,None,288
2014-08-30 00:00:00-07:00,2014-08-30 00:00:00-07:00,27,22,17,16.0,15.0,13.0,93,69,45,1013,1012,1011,16,16,16.0,47,26,58,0.0,3.0,None,282
2014-08-31 00:00:00-07:00,2014-08-31 00:00:00-07:00,24,21,17,16.0,14.0,13.0,90,74,57,1014,1012,1011,16,16,16.0,42,20,50,0.0,1.0,None,289
2014-09-01 00:00:00-07:00,2014-09-01 00:00:00-07:00,28,22,16,18.0,15.0,13.0,90,65,40,1011,1010,1007,16,16,14.0,39,17,47,0.0,0.0,None,304
2014-09-02 00:00:00-07:00,2014-09-02 00:00:00-07:00,23,19,16,16.0,14.0,14.0,90,76,61,1011,1009,1008,16,16,14.0,37,18,42,0.0,1.0,None,279
2014-09-03 00:00:00-07:00,2014-09-03 00:00:00-07:00,24,20,16,16.0,14.0,13.0,90,75,60,1009,1008,1006,16,16,16.0,34,14,80,0.0,4.0,None,265
2014-09-04 00:00:00-07:00,2014-09-04 00:00:00-07:00,24,20,16,17.0,14.0,14.0,90,74,58,1009,1007,1006,16,16,14.0,27,11,32,0.0,4.0,None,287
2014-09-05 00:00:00-07:00,2014-09-05 00:00:00-07:00,24,20,16,16.0,14.0,13.0,90,72,54,1013,1011,1009,16,15,11.0,32,13,37,0.0,4.0,None,279
2014-09-06 00:00:00-07:00,2014-09-06 00:00:00-07:00,22,19,15,14.0,13.0,12.0,87,72,57,1015,1013,1012,16,15,13.0,34,15,40,0.0,4.0,None,275
2014-09-07 00:00:00-07:00,2014-09-07 00:00:00-07:00,22,18,14,13.0,12.0,12.0,86,72,57,1013,1011,1010,16,16,16.0,40,19,48,0.0,2.0,None,270
2014-09-08 00:00:00-07:00,2014-09-08 00:00:00-07:00,20,17,14,12.0,12.0,11.0,80,69,58,1014,1012,1011,16,16,16.0,39,20,47,0.0,3.0,None,263
2014-09-09 00:00:00-07:00,2014-09-09 00:00:00-07:00,22,18,15,14.0,13.0,12.0,93,78,63,1016,1014,1013,16,16,14.0,37,17,45,0.0,4.0,None,280
2014-09-10 00:00:00-07:00,2014-09-10 00:00:00-07:00,28,21,13,17.0,14.0,11.0,97,72,47,1014,1013,1010,16,13,1.0,39,14,47,0.0,2.0,Fog,260
2014-09-11 00:00:00-07:00,2014-09-11 00:00:00-07:00,26,21,15,17.0,14.0,13.0,93,74,54,1013,1011,1010,16,16,16.0,45,19,50,0.0,1.0,None,301
2014-09-12 00:00:00-07:00,2014-09-12 00:00:00-07:00,24,19,14,16.0,14.0,14.0,93,75,57,1013,1011,1009,16,16,16.0,47,21,52,0.0,2.0,None,300
2014-09-13 00:00:00-07:00,2014-09-13 00:00:00-07:00,24,20,16,16.0,14.0,14.0,90,74,57,1011,1010,1008,16,16,16.0,42,20,52,0.0,3.0,None,301
2014-09-14 00:00:00-07:00,2014-09-14 00:00:00-07:00,23,19,15,16.0,14.0,13.0,90,74,57,1011,1010,1009,16,16,14.0,35,20,40,0.0,2.0,None,290
2014-09-15 00:00:00-07:00,2014-09-15 00:00:00-07:00,26,21,17,16.0,14.0,12.0,90,66,42,1014,1012,1011,16,16,16.0,34,19,40,0.0,2.0,None,280
2014-09-16 00:00:00-07:00,2014-09-16 00:00:00-07:00,27,22,17,17.0,16.0,13.0,93,69,45,1014,1012,1010,16,16,16.0,37,15,45,0.0,3.0,None,275
2014-09-17 00:00:00-07:00,2014-09-17 00:00:00-07:00,28,22,17,19.0,16.0,13.0,90,66,42,1010,1009,1007,16,16,16.0,40,16,52,2015-04-11 00:00:00,3.0,Rain,215
2014-09-18 00:00:00-07:00,2014-09-18 00:00:00-07:00,27,22,18,19.0,18.0,17.0,93,76,58,1012,1010,1008,16,16,13.0,29,11,35,0.25,5.0,Rain,221
2014-09-19 00:00:00-07:00,2014-09-19 00:00:00-07:00,23,21,17,17.0,17.0,16.0,93,81,68,1013,1012,1011,16,16,16.0,35,17,45,0.0,3.0,None,289
2014-09-20 00:00:00-07:00,2014-09-20 00:00:00-07:00,25,22,18,17.0,16.0,15.0,93,77,60,1014,1013,1012,16,16,14.0,34,13,39,0.0,5.0,None,290
2014-09-21 00:00:00-07:00,2014-09-21 00:00:00-07:00,22,21,18,16.0,16.0,15.0,84,76,68,1016,1015,1014,16,16,16.0,32,14,39,0.0,7.0,None,252
2014-09-22 00:00:00-07:00,2014-09-22 00:00:00-07:00,26,22,18,16.0,15.0,14.0,81,66,50,1017,1016,1015,16,16,16.0,42,21,50,0.0,4.0,None,273
2014-09-23 00:00:00-07:00,2014-09-23 00:00:00-07:00,25,22,18,18.0,17.0,15.0,87,76,64,1016,1015,1013,16,16,14.0,37,17,42,2015-04-11 00:00:00,4.0,None,271
2014-09-24 00:00:00-07:00,2014-09-24 00:00:00-07:00,27,22,18,18.0,18.0,17.0,93,78,62,1015,1013,1012,16,15,6.0,34,14,40,2015-04-11 00:00:00,7.0,Rain,225
2014-09-25 00:00:00-07:00,2014-09-25 00:00:00-07:00,23,20,16,16.0,15.0,14.0,97,77,57,1016,1015,1013,16,13,3.0,27,10,42,10.41,6.0,Rain,278
2014-09-26 00:00:00-07:00,2014-09-26 00:00:00-07:00,23,20,17,16.0,15.0,14.0,93,75,57,1016,1015,1013,16,16,16.0,45,20,53,0.0,3.0,None,274
2014-09-27 00:00:00-07:00,2014-09-27 00:00:00-07:00,23,20,17,15.0,14.0,14.0,90,76,61,1013,1012,1010,16,16,16.0,42,21,52,0.0,4.0,None,259
2014-09-28 00:00:00-07:00,2014-09-28 00:00:00-07:00,24,21,16,16.0,14.0,14.0,90,76,61,1015,1012,1010,16,16,16.0,29,13,39,0.0,5.0,None,262
2014-09-29 00:00:00-07:00,2014-09-29 00:00:00-07:00,22,19,16,15.0,14.0,14.0,90,78,66,1017,1016,1015,16,16,14.0,39,19,48,0.0,4.0,None,275
2014-09-30 00:00:00-07:00,2014-09-30 00:00:00-07:00,24,21,17,16.0,14.0,13.0,90,72,54,1016,1014,1011,16,16,14.0,35,19,39,0.0,4.0,None,276
2014-10-01 00:00:00-07:00,2014-10-01 00:00:00-07:00,30,23,16,15.0,11.0,4.0,84,52,19,1015,1013,1011,16,16,14.0,34,9,42,0.0,1.0,None,271
2014-10-02 00:00:00-07:00,2014-10-02 00:00:00-07:00,33,24,16,13.0,8.0,6.0,67,43,18,1017,1015,1014,16,16,16.0,24,4,27,0.0,0.0,None,306
2014-10-03 00:00:00-07:00,2014-10-03 00:00:00-07:00,35,27,19,19.0,12.0,5.0,73,46,19,1019,1017,1015,16,16,16.0,34,9,37,0.0,0.0,None,344
2014-10-04 00:00:00-07:00,2014-10-04 00:00:00-07:00,33,26,18,18.0,11.0,4.0,73,46,18,1017,1015,1013,16,16,16.0,34,11,39,0.0,1.0,None,305
2014-10-05 00:00:00-07:00,2014-10-05 00:00:00-07:00,31,23,16,18.0,13.0,7.0,84,61,37,1015,1013,1011,16,16,16.0,45,15,50,0.0,1.0,None,299
2014-10-06 00:00:00-07:00,2014-10-06 00:00:00-07:00,28,22,14,18.0,14.0,13.0,93,67,40,1014,1012,1010,16,15,10.0,34,18,42,0.0,2.0,None,304
2014-10-07 00:00:00-07:00,2014-10-07 00:00:00-07:00,23,19,15,14.0,14.0,13.0,87,70,53,1014,1012,1011,16,16,16.0,45,22,52,0.0,3.0,None,298
2014-10-08 00:00:00-07:00,2014-10-08 00:00:00-07:00,26,20,14,16.0,14.0,13.0,93,69,45,1013,1012,1011,16,16,14.0,45,18,53,0.0,1.0,None,294
2014-10-09 00:00:00-07:00,2014-10-09 00:00:00-07:00,20,18,15,14.0,14.0,13.0,93,81,68,1016,1014,1013,16,16,16.0,37,20,40,0.0,3.0,None,297
2014-10-10 00:00:00-07:00,2014-10-10 00:00:00-07:00,21,18,15,14.0,13.0,12.0,90,77,63,1019,1017,1016,16,16,16.0,40,21,48,0.0,6.0,None,281
2014-10-11 00:00:00-07:00,2014-10-11 00:00:00-07:00,24,20,15,16.0,13.0,12.0,90,70,49,1018,1016,1015,16,16,16.0,42,13,48,0.0,4.0,None,302
2014-10-12 00:00:00-07:00,2014-10-12 00:00:00-07:00,33,24,15,17.0,9.0,0.0,87,50,13,1015,1014,1012,16,16,16.0,27,6,32,0.0,0.0,None,274
2014-10-13 00:00:00-07:00,2014-10-13 00:00:00-07:00,31,24,17,18.0,12.0,7.0,78,52,26,1015,1013,1012,16,16,16.0,24,7,29,0.0,1.0,None,308
2014-10-14 00:00:00-07:00,2014-10-14 00:00:00-07:00,23,21,17,15.0,14.0,13.0,84,71,57,1014,1012,1010,16,16,14.0,48,19,61,0.0,5.0,None,177
2014-10-15 00:00:00-07:00,2014-10-15 00:00:00-07:00,24,21,17,15.0,14.0,13.0,84,69,53,1017,1015,1011,16,16,16.0,40,16,48,2015-04-11 00:00:00,6.0,Rain,233
2014-10-16 00:00:00-07:00,2014-10-16 00:00:00-07:00,23,19,14,13.0,12.0,9.0,84,63,41,1017,1015,1014,16,16,16.0,24,9,29,0.0,4.0,None,269
2014-10-17 00:00:00-07:00,2014-10-17 00:00:00-07:00,25,19,14,15.0,12.0,8.0,67,54,41,1015,1014,1013,16,16,16.0,27,9,35,0.0,5.0,None,176
2014-10-18 00:00:00-07:00,2014-10-18 00:00:00-07:00,26,22,18,17.0,15.0,13.0,87,68,48,1015,1014,1012,16,16,16.0,32,10,37,0.0,2.0,None,305
2014-10-19 00:00:00-07:00,2014-10-19 00:00:00-07:00,23,20,16,17.0,16.0,14.0,90,77,64,1013,1012,1011,16,16,16.0,32,12,37,0.0,2.0,None,291
2014-10-20 00:00:00-07:00,2014-10-20 00:00:00-07:00,22,19,17,17.0,14.0,13.0,84,71,57,1018,1015,1013,16,15,3.0,29,12,35,0.76,5.0,Rain,247
2014-10-21 00:00:00-07:00,2014-10-21 00:00:00-07:00,22,18,13,14.0,12.0,9.0,90,67,44,1020,1018,1017,16,16,16.0,37,15,42,0.0,2.0,None,292
2014-10-22 00:00:00-07:00,2014-10-22 00:00:00-07:00,23,19,14,16.0,13.0,10.0,84,69,53,1019,1017,1016,16,16,16.0,29,10,35,0.0,4.0,None,285
2014-10-23 00:00:00-07:00,2014-10-23 00:00:00-07:00,23,21,17,17.0,16.0,14.0,93,75,57,1019,1016,1015,16,16,16.0,23,9,27,0.0,4.0,None,288
2014-10-24 00:00:00-07:00,2014-10-24 00:00:00-07:00,23,19,16,16.0,14.0,13.0,87,74,61,1015,1014,1012,16,16,16.0,39,13,48,0.0,3.0,None,154
2014-10-25 00:00:00-07:00,2014-10-25 00:00:00-07:00,23,20,17,16.0,14.0,13.0,87,72,57,1021,1016,1012,16,15,6.0,42,17,52,2.54,6.0,Rain,189
2014-10-26 00:00:00-07:00,2014-10-26 00:00:00-07:00,21,18,14,14.0,12.0,8.0,90,67,44,1022,1020,1018,16,16,13.0,37,17,52,0.0,2.0,None,296
2014-10-27 00:00:00-07:00,2014-10-27 00:00:00-07:00,21,17,13,13.0,12.0,9.0,86,67,47,1018,1017,1016,16,16,16.0,34,14,40,0.0,2.0,None,271
2014-10-28 00:00:00-07:00,2014-10-28 00:00:00-07:00,22,17,13,16.0,12.0,9.0,100,73,45,1020,1019,1018,16,16,16.0,34,13,39,0.0,1.0,None,265
2014-10-29 00:00:00-07:00,2014-10-29 00:00:00-07:00,27,22,16,16.0,12.0,9.0,87,62,37,1020,1017,1015,16,16,16.0,23,5,24,0.0,2.0,None,311
2014-10-30 00:00:00-07:00,2014-10-30 00:00:00-07:00,23,19,16,16.0,14.0,11.0,90,74,57,1014,1013,1012,16,16,16.0,29,9,35,0.0,5.0,None,252
2014-10-31 00:00:00-07:00,2014-10-31 00:00:00-07:00,18,16,14,15.0,13.0,11.0,93,83,72,1013,1010,1007,16,14,3.0,29,12,35,4.57,7.0,Rain,229
2014-11-01 00:00:00-07:00,2014-11-01 00:00:00-07:00,18,16,13,12.0,11.0,9.0,93,77,60,1017,1012,1007,16,16,16.0,40,16,50,2015-04-11 00:00:00,4.0,None,263
2014-11-02 00:00:00-07:00,2014-11-02 00:00:00-07:00,19,14,9,11.0,9.0,7.0,89,69,48,1022,1020,1017,16,16,16.0,35,9,40,0.0,1.0,None,288
2014-11-03 00:00:00-08:00,2014-11-03 00:00:00-08:00,21,16,10,13.0,11.0,7.0,93,73,53,1025,1023,1022,16,16,16.0,34,10,37,0.0,4.0,None,267
2014-11-04 00:00:00-08:00,2014-11-04 00:00:00-08:00,22,16,10,13.0,12.0,11.0,100,75,49,1027,1025,1024,16,16,16.0,26,6,32,0.0,2.0,None,279
2014-11-05 00:00:00-08:00,2014-11-05 00:00:00-08:00,24,18,12,14.0,12.0,11.0,93,68,43,1024,1021,1018,16,16,16.0,19,3,23,0.0,2.0,None,300
2014-11-06 00:00:00-08:00,2014-11-06 00:00:00-08:00,23,18,13,16.0,14.0,10.0,97,79,61,1024,1022,1021,16,16,16.0,37,15,45,0.0,3.0,None,286
2014-11-07 00:00:00-08:00,2014-11-07 00:00:00-08:00,21,17,12,16.0,14.0,12.0,100,87,73,1024,1022,1019,16,13,1.0,34,10,39,0.0,3.0,Fog,298
2014-11-08 00:00:00-08:00,2014-11-08 00:00:00-08:00,24,18,12,16.0,13.0,12.0,100,75,49,1020,1018,1016,16,13,2.0,29,5,35,0.0,3.0,Fog,274
2014-11-09 00:00:00-08:00,2014-11-09 00:00:00-08:00,21,16,12,16.0,13.0,11.0,100,87,73,1016,1013,1010,16,12,0.0,39,14,45,0.0,2.0,Fog,293
2014-11-10 00:00:00-08:00,2014-11-10 00:00:00-08:00,20,16,12,15.0,13.0,11.0,100,82,63,1011,1010,1009,16,11,0.0,24,8,29,0.0,4.0,Fog,250
2014-11-11 00:00:00-08:00,2014-11-11 00:00:00-08:00,19,16,12,12.0,11.0,9.0,86,69,52,1015,1013,1011,16,16,16.0,27,11,34,0.0,6.0,None,201
2014-11-12 00:00:00-08:00,2014-11-12 00:00:00-08:00,19,17,14,13.0,9.0,8.0,72,60,48,1017,1015,1015,16,15,4.0,24,8,29,3.81,7.0,Rain,219
2014-11-13 00:00:00-08:00,2014-11-13 00:00:00-08:00,19,17,13,16.0,14.0,13.0,100,87,73,1019,1016,1013,16,14,4.0,24,15,50,6.35,6.0,Rain,240
2014-11-14 00:00:00-08:00,2014-11-14 00:00:00-08:00,19,16,13,14.0,13.0,12.0,100,87,73,1020,1019,1018,16,16,14.0,29,15,35,0.0,4.0,None,277
2014-11-15 00:00:00-08:00,2014-11-15 00:00:00-08:00,19,16,12,13.0,13.0,11.0,93,78,63,1022,1021,1019,16,16,16.0,29,15,37,0.0,2.0,None,287
2014-11-16 00:00:00-08:00,2014-11-16 00:00:00-08:00,17,16,13,12.0,3.0,-2.0,86,57,27,1025,1023,1022,16,16,16.0,39,14,42,0.0,5.0,None,48
2014-11-17 00:00:00-08:00,2014-11-17 00:00:00-08:00,19,14,10,9.0,6.0,1.0,77,56,34,1024,1022,1020,16,16,16.0,27,10,29,0.0,3.0,None,97
2014-11-18 00:00:00-08:00,2014-11-18 00:00:00-08:00,18,14,11,11.0,8.0,4.0,77,65,52,1021,1019,1017,16,16,16.0,16,3,23,0.0,6.0,None,102
2014-11-19 00:00:00-08:00,2014-11-19 00:00:00-08:00,18,16,13,16.0,13.0,8.0,100,80,60,1021,1017,1016,16,15,2.0,34,11,45,3.05,7.0,Rain,181
2014-11-20 00:00:00-08:00,2014-11-20 00:00:00-08:00,16,14,12,14.0,13.0,11.0,100,88,75,1020,1018,1015,16,14,4.0,23,6,40,5.08,7.0,Rain,161
2014-11-21 00:00:00-08:00,2014-11-21 00:00:00-08:00,16,14,12,13.0,12.0,11.0,100,86,72,1020,1019,1017,16,16,13.0,19,6,32,0.0,7.0,None,89
2014-11-22 00:00:00-08:00,2014-11-22 00:00:00-08:00,18,16,13,18.0,15.0,9.0,100,89,77,1024,1020,1018,16,13,2.0,42,19,53,3.81,6.0,Rain,247
2014-11-23 00:00:00-08:00,2014-11-23 00:00:00-08:00,19,14,9,11.0,9.0,7.0,89,69,48,1028,1026,1024,16,16,16.0,23,7,39,0.0,2.0,None,302
2014-11-24 00:00:00-08:00,2014-11-24 00:00:00-08:00,19,14,8,9.0,7.0,3.0,93,65,37,1030,1028,1027,16,16,16.0,21,4,37,0.0,1.0,None,306
2014-11-25 00:00:00-08:00,2014-11-25 00:00:00-08:00,18,14,9,11.0,9.0,7.0,93,75,56,1031,1029,1027,16,16,16.0,13,1,35,0.0,1.0,None,117
2014-11-26 00:00:00-08:00,2014-11-26 00:00:00-08:00,20,15,9,12.0,10.0,8.0,96,77,58,1027,1025,1023,16,15,11.0,16,4,27,0.0,1.0,None,118
2014-11-27 00:00:00-08:00,2014-11-27 00:00:00-08:00,18,14,10,13.0,12.0,9.0,100,86,72,1022,1020,1018,16,11,6.0,24,6,27,0.0,3.0,None,314
2014-11-28 00:00:00-08:00,2014-11-28 00:00:00-08:00,17,13,8,13.0,10.0,6.0,100,86,72,1018,1015,1011,16,8,0.0,23,9,32,0.0,5.0,Fog,145
2014-11-29 00:00:00-08:00,2014-11-29 00:00:00-08:00,18,16,14,15.0,14.0,13.0,100,89,78,1011,1009,1007,16,14,8.0,21,11,24,2.03,7.0,Rain,124
2014-11-30 00:00:00-08:00,2014-11-30 00:00:00-08:00,17,14,12,16.0,13.0,10.0,100,92,83,1016,1011,1007,16,14,5.0,37,9,47,26.42,7.0,Rain,64
2014-12-01 00:00:00-08:00,2014-12-01 00:00:00-08:00,18,16,14,15.0,14.0,14.0,100,92,84,1020,1017,1014,16,15,8.0,26,6,29,2015-04-11 00:00:00,6.0,Rain,44
2014-12-02 00:00:00-08:00,2014-12-02 00:00:00-08:00,17,15,13,15.0,14.0,13.0,100,95,90,1014,1008,1005,16,12,4.0,35,16,40,40.39,7.0,Rain,92
2014-12-03 00:00:00-08:00,2014-12-03 00:00:00-08:00,19,17,15,16.0,16.0,14.0,100,89,78,1012,1007,1006,16,12,2.0,52,16,63,48.01,8.0,Rain-Thunderstorm,139
2014-12-04 00:00:00-08:00,2014-12-04 00:00:00-08:00,19,17,14,16.0,15.0,14.0,100,87,73,1016,1014,1012,16,12,0.0,21,8,26,2.54,6.0,Fog-Rain,125
2014-12-05 00:00:00-08:00,2014-12-05 00:00:00-08:00,19,17,14,16.0,16.0,14.0,100,87,73,1019,1016,1015,16,13,2.0,26,10,32,3.56,7.0,Rain,119
2014-12-06 00:00:00-08:00,2014-12-06 00:00:00-08:00,19,17,14,17.0,16.0,14.0,100,89,78,1023,1022,1019,16,15,6.0,19,7,24,2.29,7.0,Rain,107
2014-12-07 00:00:00-08:00,2014-12-07 00:00:00-08:00,18,15,12,16.0,14.0,12.0,100,89,78,1023,1022,1020,16,12,3.0,24,4,29,0.0,6.0,None,193
2014-12-08 00:00:00-08:00,2014-12-08 00:00:00-08:00,20,17,13,16.0,14.0,13.0,100,89,78,1022,1021,1020,16,16,13.0,16,5,19,0.0,6.0,None,85
2014-12-09 00:00:00-08:00,2014-12-09 00:00:00-08:00,17,16,14,16.0,15.0,14.0,100,95,90,1023,1021,1019,16,12,1.0,14,4,19,0.0,7.0,Fog,49
2014-12-10 00:00:00-08:00,2014-12-10 00:00:00-08:00,18,17,14,15.0,14.0,13.0,100,89,78,1018,1012,1006,16,13,5.0,39,17,52,2015-04-11 00:00:00,8.0,Rain,132
2014-12-11 00:00:00-08:00,2014-12-11 00:00:00-08:00,19,15,11,16.0,13.0,9.0,100,87,73,1005,1003,999,16,10,2.0,60,19,77,87.12,8.0,Rain,179
2014-12-12 00:00:00-08:00,2014-12-12 00:00:00-08:00,14,13,11,12.0,11.0,9.0,100,89,77,1019,1012,1005,16,15,8.0,16,6,21,9.65,7.0,Rain,158
2014-12-13 00:00:00-08:00,2014-12-13 00:00:00-08:00,13,11,9,11.0,9.0,8.0,100,89,77,1024,1022,1019,16,16,13.0,19,4,23,0.0,5.0,None,100
2014-12-14 00:00:00-08:00,2014-12-14 00:00:00-08:00,16,13,9,13.0,10.0,9.0,93,83,72,1021,1018,1015,16,16,10.0,23,10,29,3.56,7.0,Rain,107
2014-12-15 00:00:00-08:00,2014-12-15 00:00:00-08:00,17,14,11,13.0,12.0,11.0,100,97,93,1015,1012,1010,16,13,3.0,47,20,53,34.8,8.0,Rain,122
2014-12-16 00:00:00-08:00,2014-12-16 00:00:00-08:00,17,14,10,13.0,11.0,7.0,100,83,65,1014,1012,1010,16,14,8.0,42,14,58,21.34,6.0,Rain,154
2014-12-17 00:00:00-08:00,2014-12-17 00:00:00-08:00,16,13,10,12.0,11.0,9.0,100,84,67,1019,1017,1014,16,15,8.0,32,10,39,5.33,7.0,Rain,154
2014-12-18 00:00:00-08:00,2014-12-18 00:00:00-08:00,16,13,11,13.0,11.0,10.0,100,88,75,1022,1020,1018,16,16,10.0,19,5,23,0.51,7.0,Rain,130
2014-12-19 00:00:00-08:00,2014-12-19 00:00:00-08:00,15,14,13,14.0,13.0,11.0,100,90,80,1021,1020,1019,16,11,2.0,23,8,34,9.65,8.0,Rain,110
2014-12-20 00:00:00-08:00,2014-12-20 00:00:00-08:00,17,15,13,15.0,14.0,12.0,100,89,78,1024,1022,1020,16,11,4.0,14,5,16,0.51,7.0,Rain,123
2014-12-21 00:00:00-08:00,2014-12-21 00:00:00-08:00,17,16,14,16.0,16.0,15.0,100,97,93,1027,1025,1024,16,12,3.0,39,18,47,0.51,7.0,Rain,274
2014-12-22 00:00:00-08:00,2014-12-22 00:00:00-08:00,18,16,12,15.0,14.0,12.0,100,92,84,1026,1024,1022,16,12,0.0,27,7,32,0.0,3.0,Fog,288
2014-12-23 00:00:00-08:00,2014-12-23 00:00:00-08:00,20,16,11,14.0,13.0,11.0,100,82,63,1024,1022,1020,16,16,16.0,24,6,27,0.0,1.0,None,279
2014-12-24 00:00:00-08:00,2014-12-24 00:00:00-08:00,17,13,9,14.0,11.0,4.0,100,82,63,1020,1017,1015,16,15,2.0,53,20,69,1.02,5.0,Rain,270
2014-12-25 00:00:00-08:00,2014-12-25 00:00:00-08:00,14,11,8,5.0,3.0,1.0,71,56,40,1021,1020,1018,16,16,16.0,37,20,45,0.0,0.0,None,323
2014-12-26 00:00:00-08:00,2014-12-26 00:00:00-08:00,15,11,7,4.0,2.0,1.0,65,54,43,1025,1022,1020,16,16,16.0,40,19,48,0.0,0.0,None,3
2014-12-27 00:00:00-08:00,2014-12-27 00:00:00-08:00,13,9,6,6.0,3.0,2.0,80,64,47,1029,1027,1025,16,16,16.0,23,6,24,0.0,3.0,None,129
2014-12-28 00:00:00-08:00,2014-12-28 00:00:00-08:00,14,10,6,11.0,7.0,5.0,93,77,61,1028,1026,1024,16,16,16.0,21,7,26,0.0,2.0,None,240
2014-12-29 00:00:00-08:00,2014-12-29 00:00:00-08:00,13,10,7,9.0,7.0,3.0,93,76,59,1024,1022,1020,16,16,14.0,40,15,53,0.0,3.0,None,305
2014-12-30 00:00:00-08:00,2014-12-30 00:00:00-08:00,13,11,8,7.0,1.0,-3.0,86,62,38,1024,1022,1020,16,16,16.0,69,39,82,0.0,1.0,None,2
2014-12-31 00:00:00-08:00,2014-12-31 00:00:00-08:00,14,10,5,3.0,-3.0,-8.0,70,47,24,1025,1022,1019,16,16,16.0,56,18,69,0.0,1.0,None,2
