,PST,Max TemperatureF,Mean TemperatureF,Min TemperatureF,Max Dew PointF,MeanDew PointF,Min DewpointF,Max Humidity,Mean Humidity,Min Humidity,Max Sea Level PressureIn,Mean Sea Level PressureIn,Min Sea Level PressureIn,Max VisibilityMiles,Mean VisibilityMiles,Min VisibilityMiles,Max Wind SpeedMPH,Mean Wind SpeedMPH,Max Gust SpeedMPH,PrecipitationIn,CloudCover,Events,WindDirDegrees
2013-01-01 00:00:00-08:00,2013-01-01 00:00:00-08:00,50,40,30,36,33,30,100,80,50,30.33,30.28,30.24,10,8,2.0,9,4.0,None,0.0,0.0,Rain,339
2013-01-02 00:00:00-08:00,2013-01-02 00:00:00-08:00,51,40,28,36,32,27,100,76,47,30.29,30.23,30.18,10,9,5.0,7,3.0,None,0.0,0.0,Rain,342
2013-01-03 00:00:00-08:00,2013-01-03 00:00:00-08:00,50,40,30,37,34,28,100,84,58,30.3,30.26,30.21,10,8,3.0,7,1.0,None,0.0,1.0,Rain,321
2013-01-04 00:00:00-08:00,2013-01-04 00:00:00-08:00,55,42,30,39,36,28,100,83,51,30.34,30.28,30.22,10,6,0.0,7,2.0,None,0.0,0.0,Fog-Rain,128
2013-01-05 00:00:00-08:00,2013-01-05 00:00:00-08:00,50,41,32,43,39,32,100,89,66,30.31,30.22,30.14,7,3,0.0,9,2.0,None,0.0,2.0,Rain,333
2013-01-06 00:00:00-08:00,2013-01-06 00:00:00-08:00,50,42,35,46,42,36,100,91,71,30.21,30.16,30.12,10,4,1.0,9,5.0,None,0.0,5.0,Rain,352
2013-01-07 00:00:00-08:00,2013-01-07 00:00:00-08:00,46,40,35,41,38,34,100,98,81,30.29,30.22,30.17,8,2,0.0,13,4.0,None,0.0,5.0,Fog,149
2013-01-08 00:00:00-08:00,2013-01-08 00:00:00-08:00,53,47,41,45,42,41,100,84,67,30.21,30.19,30.17,9,7,5.0,7,1.0,None,0.0,0.0,Rain,132
2013-01-09 00:00:00-08:00,2013-01-09 00:00:00-08:00,50,44,37,46,40,34,100,88,62,30.2,30.07,29.96,10,5,2.0,15,4.0,21,0.0,2.0,Rain,172
2013-01-10 00:00:00-08:00,2013-01-10 00:00:00-08:00,48,40,32,36,32,30,100,78,50,30.18,30.11,30.05,10,10,7.0,15,4.0,21,0.0,0.0,Rain,54
2013-01-11 00:00:00-08:00,2013-01-11 00:00:00-08:00,48,38,28,32,28,23,93,72,37,30.26,30.2,30.15,10,10,4.0,7,3.0,None,0.0,1.0,Rain,117
2013-01-12 00:00:00-08:00,2013-01-12 00:00:00-08:00,44,36,28,32,26,18,100,73,34,30.28,30.22,30.18,10,10,7.0,7,4.0,None,0.0,0.0,Snow,336
2013-01-13 00:00:00-08:00,2013-01-13 00:00:00-08:00,42,33,24,30,25,18,93,72,49,30.3,30.24,30.2,10,9,7.0,15,3.0,None,0.0,0.0,Rain-Snow,311
2013-01-14 00:00:00-08:00,2013-01-14 00:00:00-08:00,48,36,24,27,21,16,80,54,27,30.44,30.37,30.24,10,10,10.0,15,8.0,18,0.0,0.0,Rain-Snow,340
2013-01-15 00:00:00-08:00,2013-01-15 00:00:00-08:00,50,40,30,32,29,25,93,72,43,30.54,30.47,30.42,10,9,5.0,8,3.0,None,0.0,0.0,Rain,65
2013-01-16 00:00:00-08:00,2013-01-16 00:00:00-08:00,53,42,30,36,31,28,93,75,44,30.48,30.4,30.32,8,6,3.0,6,1.0,None,0.0,0.0,None,46
2013-01-17 00:00:00-08:00,2013-01-17 00:00:00-08:00,57,42,28,37,33,28,100,77,41,30.32,30.26,30.2,9,6,2.0,5,1.0,None,0.0,0.0,None,11
2013-01-18 00:00:00-08:00,2013-01-18 00:00:00-08:00,57,42,28,39,34,28,100,77,41,30.28,30.22,30.18,10,7,0.0,8,1.0,None,0.0,0.0,Fog,316
2013-01-19 00:00:00-08:00,2013-01-19 00:00:00-08:00,59,44,30,39,34,28,100,74,38,30.32,30.25,30.2,10,8,2.0,10,2.0,None,0.0,0.0,None,335
2013-01-20 00:00:00-08:00,2013-01-20 00:00:00-08:00,59,44,28,37,32,28,100,69,33,30.28,30.23,30.16,10,8,5.0,7,2.0,None,0.0,0.0,None,341
2013-01-21 00:00:00-08:00,2013-01-21 00:00:00-08:00,60,46,32,37,34,28,100,72,34,30.24,30.18,30.14,10,9,1.0,6,2.0,None,0.0,0.0,None,13
2013-01-22 00:00:00-08:00,2013-01-22 00:00:00-08:00,59,46,32,43,37,32,100,76,44,30.19,30.12,30.06,10,8,2.0,8,3.0,None,0.0,0.0,None,329
2013-01-23 00:00:00-08:00,2013-01-23 00:00:00-08:00,57,49,41,48,42,39,100,82,51,30.13,30.07,30.02,10,6,2.0,10,4.0,18,0.0,2.0,None,3
2013-01-24 00:00:00-08:00,2013-01-24 00:00:00-08:00,55,50,46,52,49,46,100,94,77,30.22,30.16,30.1,8,3,2.0,12,6.0,16,0.0,7.0,None,338
2013-01-25 00:00:00-08:00,2013-01-25 00:00:00-08:00,62,56,50,55,52,50,100,90,68,30.22,30.14,30.06,10,6,0.0,7,2.0,None,0.0,5.0,Fog,304
2013-01-26 00:00:00-08:00,2013-01-26 00:00:00-08:00,59,52,44,54,46,39,100,82,48,30.06,30.0,29.95,10,7,0.0,15,8.0,20,0.0,5.0,Fog,163
2013-01-27 00:00:00-08:00,2013-01-27 00:00:00-08:00,53,45,37,41,37,32,100,76,44,30.18,30.12,30.04,10,10,7.0,9,5.0,None,0.0,1.0,None,309
2013-01-28 00:00:00-08:00,2013-01-28 00:00:00-08:00,55,44,32,37,35,32,100,73,44,30.28,30.21,30.16,10,10,8.0,16,3.0,20,0.0,0.0,None,323
2013-01-29 00:00:00-08:00,2013-01-29 00:00:00-08:00,57,47,37,39,37,34,93,71,44,30.36,30.31,30.26,10,10,9.0,15,4.0,21,0.0,0.0,None,329
2013-01-30 00:00:00-08:00,2013-01-30 00:00:00-08:00,59,48,37,41,39,34,93,73,51,30.38,30.32,30.29,10,10,9.0,8,3.0,None,0.0,0.0,None,147
2013-01-31 00:00:00-08:00,2013-01-31 00:00:00-08:00,60,48,35,45,41,34,100,79,51,30.34,30.27,30.22,10,9,5.0,7,2.0,None,0.0,0.0,None,356
2013-02-01 00:00:00-08:00,2013-02-01 00:00:00-08:00,62,48,35,48,42,36,100,82,52,30.26,30.22,30.15,10,6,0.0,6,2.0,None,0.0,1.0,Fog,326
2013-02-02 00:00:00-08:00,2013-02-02 00:00:00-08:00,62,50,39,46,43,37,100,80,45,30.32,30.26,30.22,10,9,2.0,6,2.0,None,0.0,0.0,None,347
2013-02-03 00:00:00-08:00,2013-02-03 00:00:00-08:00,59,49,39,46,43,39,100,84,55,30.27,30.2,30.14,10,6,2.0,8,4.0,None,0.0,1.0,None,138
2013-02-04 00:00:00-08:00,2013-02-04 00:00:00-08:00,62,50,37,46,43,37,100,78,52,30.2,30.13,30.07,10,8,3.0,8,3.0,None,0.0,0.0,None,157
2013-02-05 00:00:00-08:00,2013-02-05 00:00:00-08:00,55,47,39,45,42,37,100,84,67,30.15,30.09,30.06,10,8,5.0,14,7.0,None,0.0,1.0,None,143
2013-02-06 00:00:00-08:00,2013-02-06 00:00:00-08:00,59,48,37,45,39,36,100,80,44,30.21,30.16,30.12,10,6,0.0,13,4.0,None,0.0,2.0,Fog,238
2013-02-07 00:00:00-08:00,2013-02-07 00:00:00-08:00,57,49,39,46,39,32,93,76,38,30.18,30.1,30.01,10,8,2.0,14,10.0,20,0.0,3.0,None,162
2013-02-08 00:00:00-08:00,2013-02-08 00:00:00-08:00,55,44,33,39,33,28,100,70,36,30.03,29.97,29.93,10,9,0.0,18,7.0,23,0.0,2.0,Fog,324
2013-02-09 00:00:00-08:00,2013-02-09 00:00:00-08:00,55,44,32,32,29,25,87,60,33,30.11,30.05,29.98,10,10,10.0,10,6.0,None,0.0,0.0,None,10
2013-02-10 00:00:00-08:00,2013-02-10 00:00:00-08:00,59,44,30,37,34,28,100,68,39,30.16,30.09,30.02,10,9,5.0,12,4.0,None,0.0,0.0,None,334
2013-02-11 00:00:00-08:00,2013-02-11 00:00:00-08:00,60,46,33,34,30,23,81,56,27,30.26,30.18,30.09,10,10,9.0,10,4.0,None,0.0,0.0,None,137
2013-02-12 00:00:00-08:00,2013-02-12 00:00:00-08:00,59,46,33,37,35,32,93,66,42,30.41,30.34,30.26,10,8,3.0,7,3.0,None,0.0,0.0,None,354
2013-02-13 00:00:00-08:00,2013-02-13 00:00:00-08:00,62,48,33,39,37,32,93,67,42,30.36,30.3,30.23,10,7,4.0,8,2.0,None,0.0,0.0,None,123
2013-02-14 00:00:00-08:00,2013-02-14 00:00:00-08:00,68,52,37,45,40,32,93,70,40,30.28,30.23,30.18,10,7,4.0,9,2.0,None,0.0,0.0,None,120
2013-02-15 00:00:00-08:00,2013-02-15 00:00:00-08:00,68,52,37,46,41,34,93,71,35,30.32,30.27,30.24,10,8,6.0,7,2.0,None,0.0,0.0,None,24
2013-02-16 00:00:00-08:00,2013-02-16 00:00:00-08:00,66,52,39,43,40,37,93,66,37,30.28,30.16,30.04,10,9,6.0,7,3.0,None,0.0,0.0,None,2
2013-02-17 00:00:00-08:00,2013-02-17 00:00:00-08:00,62,50,37,43,39,36,93,69,42,30.06,30.01,29.96,10,10,5.0,10,4.0,None,0.0,0.0,None,330
2013-02-18 00:00:00-08:00,2013-02-18 00:00:00-08:00,57,47,37,45,39,36,93,73,55,30.03,29.98,29.93,10,9,5.0,20,9.0,28,0.0,1.0,None,170
2013-02-19 00:00:00-08:00,2013-02-19 00:00:00-08:00,46,40,33,43,37,32,93,84,71,29.94,29.84,29.75,10,9,1.0,21,12.0,28,0.0,4.0,Rain,162
2013-02-20 00:00:00-08:00,2013-02-20 00:00:00-08:00,59,44,28,37,32,28,100,68,31,30.04,29.95,29.84,10,8,0.0,18,6.0,25,0.0,1.0,Fog,323
2013-02-21 00:00:00-08:00,2013-02-21 00:00:00-08:00,59,46,33,39,34,28,93,66,31,30.18,30.12,30.05,10,10,7.0,16,7.0,20,0.0,0.0,None,334
2013-02-22 00:00:00-08:00,2013-02-22 00:00:00-08:00,62,48,33,39,35,30,87,61,32,30.27,30.21,30.16,10,10,9.0,14,4.0,None,0.0,1.0,None,146
2013-02-23 00:00:00-08:00,2013-02-23 00:00:00-08:00,59,49,39,41,32,23,93,57,27,30.26,30.19,30.14,10,10,7.0,21,12.0,29,0.0,0.0,None,333
2013-02-24 00:00:00-08:00,2013-02-24 00:00:00-08:00,62,48,33,32,26,23,75,45,23,30.26,30.22,30.17,10,10,9.0,16,11.0,24,0.0,0.0,None,341
2013-02-25 00:00:00-08:00,2013-02-25 00:00:00-08:00,62,50,37,37,33,28,81,56,34,30.29,30.24,30.18,10,10,9.0,10,6.0,None,0.0,0.0,None,227
2013-02-26 00:00:00-08:00,2013-02-26 00:00:00-08:00,66,49,32,32,29,19,87,53,18,30.23,30.18,30.12,10,10,9.0,22,8.0,30,0.0,0.0,None,333
2013-02-27 00:00:00-08:00,2013-02-27 00:00:00-08:00,66,52,37,37,33,27,75,51,24,30.37,30.3,30.21,10,10,9.0,10,3.0,None,0.0,0.0,None,144
2013-02-28 00:00:00-08:00,2013-02-28 00:00:00-08:00,68,54,41,41,39,36,81,55,33,30.46,30.41,30.37,10,10,3.0,12,2.0,18,0.0,1.0,None,316
2013-03-01 00:00:00-08:00,2013-03-01 00:00:00-08:00,71,58,44,46,43,39,81,62,38,30.44,30.35,30.26,10,10,5.0,8,2.0,None,0.0,0.0,None,102
2013-03-02 00:00:00-08:00,2013-03-02 00:00:00-08:00,69,58,46,52,47,43,93,67,40,30.27,30.17,30.08,10,10,8.0,9,2.0,None,0.0,0.0,Rain,47
2013-03-03 00:00:00-08:00,2013-03-03 00:00:00-08:00,64,56,48,50,48,45,87,71,56,30.09,30.05,30.02,10,9,7.0,14,7.0,None,0.0,3.0,None,166
2013-03-04 00:00:00-08:00,2013-03-04 00:00:00-08:00,64,54,44,50,45,37,100,78,56,30.15,30.08,30.04,10,8,4.0,12,8.0,None,0.0,1.0,None,164
2013-03-05 00:00:00-08:00,2013-03-05 00:00:00-08:00,59,52,44,45,40,36,87,66,48,30.06,29.98,29.86,10,9,2.0,15,10.0,22,0.0,2.0,Rain,173
2013-03-06 00:00:00-08:00,2013-03-06 00:00:00-08:00,57,52,46,45,39,32,87,65,38,30.09,30.0,29.86,10,9,2.0,20,13.0,30,0.0,4.0,Rain,189
2013-03-07 00:00:00-08:00,2013-03-07 00:00:00-08:00,57,48,39,41,38,36,93,69,44,30.03,29.95,29.88,10,10,5.0,12,2.0,None,0.0,2.0,None,353
2013-03-08 00:00:00-08:00,2013-03-08 00:00:00-08:00,64,50,37,43,38,32,93,66,30,30.04,29.88,29.83,10,10,9.0,14,5.0,17,0.0,0.0,None,299
2013-03-09 00:00:00-08:00,2013-03-09 00:00:00-08:00,68,54,39,45,36,28,100,59,23,30.29,30.22,30.05,10,9,5.0,17,8.0,24,0.0,0.0,None,344
2013-03-10 00:00:00-08:00,2013-03-10 00:00:00-08:00,66,52,37,43,38,32,87,59,32,30.38,30.31,30.26,10,10,8.0,12,4.0,16,0.0,0.0,None,140
2013-03-11 00:00:00-07:00,2013-03-11 00:00:00-07:00,71,55,39,46,42,37,100,63,33,30.28,30.2,30.11,10,9,6.0,8,2.0,None,0.0,0.0,None,76
2013-03-12 00:00:00-07:00,2013-03-12 00:00:00-07:00,73,58,42,48,45,39,93,62,35,30.18,30.13,30.08,10,10,5.0,7,2.0,None,0.0,0.0,None,11
2013-03-13 00:00:00-07:00,2013-03-13 00:00:00-07:00,75,60,46,52,48,45,94,66,38,30.2,30.14,30.08,10,10,7.0,9,2.0,None,0.0,0.0,None,338
2013-03-14 00:00:00-07:00,2013-03-14 00:00:00-07:00,75,62,48,55,49,45,94,64,38,30.16,30.11,30.08,10,10,8.0,12,1.0,None,0.0,0.0,Rain,257
2013-03-15 00:00:00-07:00,2013-03-15 00:00:00-07:00,75,62,48,54,48,43,94,66,31,30.12,30.07,30.01,10,9,5.0,9,3.0,None,0.0,0.0,Rain,294
2013-03-16 00:00:00-07:00,2013-03-16 00:00:00-07:00,75,60,46,50,44,30,94,61,19,30.09,30.04,29.98,10,10,5.0,10,4.0,17,0.0,0.0,Rain,240
2013-03-17 00:00:00-07:00,2013-03-17 00:00:00-07:00,68,57,46,43,37,32,71,48,26,30.14,30.08,30.03,10,10,10.0,14,8.0,20,0.0,0.0,None,308
2013-03-18 00:00:00-07:00,2013-03-18 00:00:00-07:00,68,54,41,45,39,34,87,55,28,30.12,30.07,30.02,10,10,8.0,8,4.0,None,0.0,1.0,Rain,197
2013-03-19 00:00:00-07:00,2013-03-19 00:00:00-07:00,68,57,46,50,44,41,94,62,37,30.15,30.1,30.06,10,9,3.0,17,6.0,22,0.0,2.0,Rain,154
2013-03-20 00:00:00-07:00,2013-03-20 00:00:00-07:00,62,56,50,55,52,48,100,88,72,30.13,30.11,30.08,10,7,1.0,15,7.0,20,0.0,6.0,Rain,160
2013-03-21 00:00:00-07:00,2013-03-21 00:00:00-07:00,66,54,41,48,41,27,100,69,24,30.13,30.08,30.01,10,9,0.0,15,7.0,21,0.0,1.0,Fog,310
2013-03-22 00:00:00-07:00,2013-03-22 00:00:00-07:00,64,52,39,32,26,14,70,41,16,30.11,30.06,30.03,10,10,9.0,28,12.0,37,0.0,0.0,None,323
2013-03-23 00:00:00-07:00,2013-03-23 00:00:00-07:00,66,50,35,36,30,27,75,46,23,30.17,30.1,30.04,10,10,9.0,15,5.0,20,0.0,0.0,None,341
2013-03-24 00:00:00-07:00,2013-03-24 00:00:00-07:00,71,56,41,45,36,28,87,50,21,30.11,30.04,29.96,10,10,9.0,8,3.0,None,0.0,0.0,None,128
2013-03-25 00:00:00-07:00,2013-03-25 00:00:00-07:00,68,58,48,46,42,32,82,60,33,30.01,29.97,29.91,10,9,7.0,18,9.0,23,0.0,0.0,None,166
2013-03-26 00:00:00-07:00,2013-03-26 00:00:00-07:00,71,58,46,46,43,41,87,63,33,30.01,29.96,29.91,10,10,8.0,15,10.0,21,0.0,1.0,None,174
2013-03-27 00:00:00-07:00,2013-03-27 00:00:00-07:00,68,57,46,50,46,41,87,68,49,30.03,29.97,29.95,10,10,9.0,17,8.0,22,0.0,2.0,None,177
2013-03-28 00:00:00-07:00,2013-03-28 00:00:00-07:00,68,60,51,52,50,48,94,72,49,30.11,30.07,30.03,10,10,7.0,9,6.0,None,0.0,4.0,None,214
2013-03-29 00:00:00-07:00,2013-03-29 00:00:00-07:00,77,60,44,50,47,45,100,67,32,30.12,30.07,30.01,10,9,4.0,9,5.0,None,0.0,0.0,None,337
2013-03-30 00:00:00-07:00,2013-03-30 00:00:00-07:00,75,62,50,50,48,45,88,62,36,30.05,30.01,29.97,10,10,8.0,13,4.0,16,0.0,1.0,None,204
2013-03-31 00:00:00-07:00,2013-03-31 00:00:00-07:00,68,62,55,55,52,45,100,79,43,30.11,30.06,30.0,10,8,1.0,21,6.0,25,0.0,5.0,Rain,158
2013-04-01 00:00:00-07:00,2013-04-01 00:00:00-07:00,68,60,51,54,51,48,100,76,49,30.17,30.13,30.08,10,9,0.0,9,4.0,None,0.0,2.0,Fog-Rain,230
2013-04-02 00:00:00-07:00,2013-04-02 00:00:00-07:00,71,60,48,54,50,46,100,74,43,30.18,30.13,30.06,10,10,6.0,9,3.0,None,0.0,0.0,None,274
2013-04-03 00:00:00-07:00,2013-04-03 00:00:00-07:00,73,62,50,55,51,46,94,71,44,30.15,30.07,29.98,10,10,9.0,7,4.0,None,0.0,0.0,None,112
2013-04-04 00:00:00-07:00,2013-04-04 00:00:00-07:00,66,58,51,57,51,37,94,79,45,30.13,30.07,29.99,10,8,1.0,17,9.0,26,0.0,4.0,Rain,174
2013-04-05 00:00:00-07:00,2013-04-05 00:00:00-07:00,66,58,50,52,50,48,100,75,52,30.18,30.14,30.1,10,10,7.0,13,6.0,None,0.0,3.0,None,176
2013-04-06 00:00:00-07:00,2013-04-06 00:00:00-07:00,66,58,50,54,51,48,94,76,56,30.2,30.16,30.1,10,10,8.0,12,8.0,16,0.0,3.0,None,158
2013-04-07 00:00:00-07:00,2013-04-07 00:00:00-07:00,66,58,50,54,48,43,94,71,52,30.15,30.03,29.81,10,9,7.0,25,11.0,32,0.0,2.0,Rain,177
2013-04-08 00:00:00-07:00,2013-04-08 00:00:00-07:00,66,57,48,48,35,28,94,50,24,30.02,29.88,29.75,10,10,5.0,32,15.0,43,0.0,1.0,Rain,321
2013-04-09 00:00:00-07:00,2013-04-09 00:00:00-07:00,73,57,41,39,35,32,81,44,22,30.1,30.06,30.03,10,10,9.0,26,14.0,36,0.0,0.0,None,338
2013-04-10 00:00:00-07:00,2013-04-10 00:00:00-07:00,84,65,46,55,45,39,76,48,26,30.2,30.08,29.97,10,10,9.0,13,6.0,16,0.0,0.0,None,324
2013-04-11 00:00:00-07:00,2013-04-11 00:00:00-07:00,77,65,53,54,43,36,88,49,22,30.0,29.92,29.82,10,10,9.0,15,7.0,22,0.0,0.0,None,317
2013-04-12 00:00:00-07:00,2013-04-12 00:00:00-07:00,80,64,48,54,43,32,87,53,17,29.91,29.85,29.79,10,9,2.0,10,4.0,None,0.0,0.0,None,188
2013-04-13 00:00:00-07:00,2013-04-13 00:00:00-07:00,75,62,50,50,46,43,82,59,31,29.89,29.83,29.78,10,9,7.0,9,7.0,None,0.0,0.0,None,154
2013-04-14 00:00:00-07:00,2013-04-14 00:00:00-07:00,73,60,46,46,37,23,87,48,16,29.91,29.84,29.74,10,10,7.0,18,6.0,24,0.0,1.0,None,262
2013-04-15 00:00:00-07:00,2013-04-15 00:00:00-07:00,62,54,46,46,42,32,93,67,37,29.91,29.86,29.82,10,10,4.0,26,8.0,32,0.0,4.0,Rain,122
2013-04-16 00:00:00-07:00,2013-04-16 00:00:00-07:00,66,54,42,32,28,19,66,40,17,30.17,30.04,29.93,10,10,9.0,25,12.0,32,0.0,0.0,None,338
2013-04-17 00:00:00-07:00,2013-04-17 00:00:00-07:00,68,54,41,32,27,19,70,39,16,30.27,30.22,30.18,10,10,9.0,25,12.0,32,0.0,0.0,None,334
2013-04-18 00:00:00-07:00,2013-04-18 00:00:00-07:00,75,58,41,36,29,18,70,37,12,30.29,30.23,30.18,10,9,1.0,10,5.0,None,0.0,0.0,None,352
2013-04-19 00:00:00-07:00,2013-04-19 00:00:00-07:00,80,64,48,46,40,36,71,42,23,30.25,30.16,30.05,10,10,8.0,8,4.0,None,0.0,0.0,None,111
2013-04-20 00:00:00-07:00,2013-04-20 00:00:00-07:00,82,66,50,45,36,19,71,36,10,30.12,30.04,29.96,10,10,8.0,16,8.0,23,0.0,0.0,Rain,325
2013-04-21 00:00:00-07:00,2013-04-21 00:00:00-07:00,84,66,48,46,40,32,82,42,15,30.05,29.99,29.92,10,10,9.0,12,5.0,16,0.0,0.0,Rain,360
2013-04-22 00:00:00-07:00,2013-04-22 00:00:00-07:00,87,70,53,48,39,25,77,39,11,29.98,29.91,29.84,10,10,8.0,17,6.0,23,0.0,0.0,None,328
2013-04-23 00:00:00-07:00,2013-04-23 00:00:00-07:00,82,68,55,43,27,19,55,23,10,29.94,29.88,29.82,10,10,6.0,21,11.0,28,0.0,0.0,None,324
2013-04-24 00:00:00-07:00,2013-04-24 00:00:00-07:00,87,66,46,48,37,23,81,44,9,29.87,29.83,29.74,10,10,8.0,17,8.0,21,0.0,0.0,None,337
2013-04-25 00:00:00-07:00,2013-04-25 00:00:00-07:00,75,62,50,48,46,45,87,62,36,30.09,30.0,29.88,10,10,8.0,15,12.0,21,0.0,0.0,None,153
2013-04-26 00:00:00-07:00,2013-04-26 00:00:00-07:00,82,65,48,52,47,46,93,62,30,30.22,30.15,30.1,10,9,6.0,13,8.0,16,0.0,0.0,None,168
2013-04-27 00:00:00-07:00,2013-04-27 00:00:00-07:00,86,68,50,55,49,46,94,57,25,30.22,30.13,30.03,10,9,7.0,10,6.0,None,0.0,0.0,None,177
2013-04-28 00:00:00-07:00,2013-04-28 00:00:00-07:00,89,72,55,50,46,36,82,46,15,30.05,29.96,29.85,10,9,5.0,12,5.0,16,0.0,0.0,None,224
2013-04-29 00:00:00-07:00,2013-04-29 00:00:00-07:00,89,73,57,52,44,34,77,40,14,29.89,29.82,29.74,10,10,7.0,16,6.0,24,0.0,0.0,None,336
2013-04-30 00:00:00-07:00,2013-04-30 00:00:00-07:00,82,68,55,48,30,14,56,26,8,29.85,29.79,29.76,10,9,6.0,24,11.0,33,0.0,0.0,None,326
2013-05-01 00:00:00-07:00,2013-05-01 00:00:00-07:00,87,72,57,37,24,18,45,18,8,30.08,29.98,29.86,10,9,7.0,21,15.0,29,0.0,0.0,None,327
2013-05-02 00:00:00-07:00,2013-05-02 00:00:00-07:00,89,70,50,37,27,16,50,23,7,30.18,30.12,30.05,10,9,7.0,12,6.0,17,0.0,0.0,None,316
2013-05-03 00:00:00-07:00,2013-05-03 00:00:00-07:00,91,73,55,46,38,27,55,30,10,30.06,29.92,29.77,10,9,6.0,10,6.0,21,0.0,0.0,Rain,20
2013-05-04 00:00:00-07:00,2013-05-04 00:00:00-07:00,89,72,55,48,38,25,72,33,10,29.77,29.63,29.5,10,9,7.0,18,8.0,24,0.0,0.0,None,309
2013-05-05 00:00:00-07:00,2013-05-05 00:00:00-07:00,75,64,53,46,45,41,77,51,29,29.81,29.69,29.56,10,9,7.0,16,10.0,24,0.0,0.0,None,181
2013-05-06 00:00:00-07:00,2013-05-06 00:00:00-07:00,71,64,57,57,50,46,94,64,41,29.97,29.88,29.82,10,9,2.0,15,7.0,25,0.0,4.0,Rain,68
2013-05-07 00:00:00-07:00,2013-05-07 00:00:00-07:00,73,65,57,55,51,46,94,64,38,30.03,29.99,29.96,10,9,3.0,10,5.0,None,0.0,5.0,Rain,184
2013-05-08 00:00:00-07:00,2013-05-08 00:00:00-07:00,75,65,55,54,50,45,94,63,36,30.12,30.07,30.02,10,10,3.0,12,8.0,16,0.0,3.0,Rain,178
2013-05-09 00:00:00-07:00,2013-05-09 00:00:00-07:00,82,66,51,55,50,48,88,63,32,30.13,30.09,30.02,10,9,7.0,14,9.0,21,0.0,0.0,None,180
2013-05-10 00:00:00-07:00,2013-05-10 00:00:00-07:00,86,70,53,57,53,48,88,62,35,30.17,30.11,30.03,10,9,7.0,14,7.0,None,0.0,0.0,None,168
2013-05-11 00:00:00-07:00,2013-05-11 00:00:00-07:00,91,74,57,57,54,50,82,52,28,30.12,30.07,30.0,10,10,8.0,9,5.0,None,0.0,0.0,None,176
2013-05-12 00:00:00-07:00,2013-05-12 00:00:00-07:00,93,76,59,54,47,36,72,42,14,30.11,30.05,29.98,10,10,9.0,12,8.0,None,0.0,0.0,None,167
2013-05-13 00:00:00-07:00,2013-05-13 00:00:00-07:00,91,74,57,57,48,43,67,44,18,30.06,29.98,29.9,10,10,6.0,12,8.0,None,0.0,0.0,None,174
2013-05-14 00:00:00-07:00,2013-05-14 00:00:00-07:00,89,74,59,54,51,46,77,50,26,29.92,29.89,29.85,10,9,5.0,17,7.0,21,0.0,0.0,None,171
2013-05-15 00:00:00-07:00,2013-05-15 00:00:00-07:00,78,66,53,48,45,43,72,50,29,30.02,29.97,29.92,10,8,5.0,20,12.0,22,0.0,0.0,None,171
2013-05-16 00:00:00-07:00,2013-05-16 00:00:00-07:00,75,65,55,52,48,45,77,58,36,30.0,29.95,29.91,10,10,7.0,16,12.0,30,0.0,1.0,None,155
2013-05-17 00:00:00-07:00,2013-05-17 00:00:00-07:00,75,63,51,48,43,36,77,53,24,30.05,29.99,29.95,10,10,9.0,15,10.0,20,0.0,0.0,None,174
2013-05-18 00:00:00-07:00,2013-05-18 00:00:00-07:00,80,65,50,50,43,30,82,50,17,30.13,30.07,30.03,10,10,9.0,12,8.0,22,0.0,0.0,None,175
2013-05-19 00:00:00-07:00,2013-05-19 00:00:00-07:00,84,70,57,50,42,34,77,39,16,30.11,30.04,29.95,10,10,9.0,20,9.0,29,0.0,0.0,None,320
2013-05-20 00:00:00-07:00,2013-05-20 00:00:00-07:00,89,73,57,46,37,16,63,31,7,30.0,29.95,29.88,10,10,9.0,15,7.0,20,0.0,0.0,None,294
2013-05-21 00:00:00-07:00,2013-05-21 00:00:00-07:00,80,68,57,45,43,32,63,45,21,29.94,29.88,29.83,10,9,3.0,18,11.0,23,0.0,0.0,None,163
2013-05-22 00:00:00-07:00,2013-05-22 00:00:00-07:00,71,58,46,41,23,5,62,28,8,30.0,29.94,29.87,10,10,9.0,20,13.0,31,0.0,0.0,None,315
2013-05-23 00:00:00-07:00,2013-05-23 00:00:00-07:00,73,60,48,41,36,23,76,45,15,29.98,29.94,29.88,10,9,4.0,13,7.0,None,0.0,0.0,None,174
2013-05-24 00:00:00-07:00,2013-05-24 00:00:00-07:00,77,62,48,43,38,21,76,44,12,30.0,29.95,29.9,10,10,8.0,18,7.0,23,0.0,0.0,Rain,173
2013-05-25 00:00:00-07:00,2013-05-25 00:00:00-07:00,77,64,50,46,43,37,76,51,24,30.0,29.96,29.93,10,9,7.0,15,10.0,21,0.0,0.0,Rain,177
2013-05-26 00:00:00-07:00,2013-05-26 00:00:00-07:00,77,64,51,50,46,37,82,55,24,30.08,30.03,30.0,10,10,10.0,17,11.0,21,0.0,0.0,None,164
2013-05-27 00:00:00-07:00,2013-05-27 00:00:00-07:00,66,60,53,55,49,45,94,67,49,30.1,30.06,30.0,10,9,3.0,14,10.0,18,0.0,3.0,Rain,164
2013-05-28 00:00:00-07:00,2013-05-28 00:00:00-07:00,77,67,57,55,52,41,94,64,28,30.0,29.95,29.88,10,9,4.0,14,7.0,23,0.0,4.0,None,191
2013-05-29 00:00:00-07:00,2013-05-29 00:00:00-07:00,80,68,57,55,49,23,94,55,12,29.93,29.89,29.85,10,10,2.0,16,9.0,20,0.0,2.0,Rain,171
2013-05-30 00:00:00-07:00,2013-05-30 00:00:00-07:00,84,68,53,50,45,28,82,49,14,29.96,29.93,29.9,10,10,9.0,12,6.0,None,0.0,0.0,None,203
2013-05-31 00:00:00-07:00,2013-05-31 00:00:00-07:00,91,73,55,50,43,37,77,38,15,30.0,29.93,29.87,10,10,7.0,18,6.0,26,0.0,0.0,None,303
2013-06-01 00:00:00-07:00,2013-06-01 00:00:00-07:00,93,76,59,54,45,30,67,35,11,29.9,29.82,29.73,10,10,8.0,9,5.0,None,0.0,0.0,None,245
2013-06-02 00:00:00-07:00,2013-06-02 00:00:00-07:00,95,78,62,54,48,39,63,39,14,29.73,29.69,29.6,10,10,8.0,10,5.0,None,0.0,0.0,None,183
2013-06-03 00:00:00-07:00,2013-06-03 00:00:00-07:00,91,75,59,54,50,43,72,48,18,29.79,29.72,29.66,10,9,7.0,15,8.0,21,0.0,0.0,Rain,170
2013-06-04 00:00:00-07:00,2013-06-04 00:00:00-07:00,82,68,55,54,50,48,82,57,32,29.89,29.84,29.78,10,10,9.0,16,12.0,20,0.0,0.0,None,158
2013-06-05 00:00:00-07:00,2013-06-05 00:00:00-07:00,86,70,53,55,51,48,88,58,35,29.98,29.91,29.83,10,10,9.0,15,11.0,21,0.0,0.0,None,167
2013-06-06 00:00:00-07:00,2013-06-06 00:00:00-07:00,93,74,55,57,53,50,82,56,28,29.92,29.86,29.77,10,10,9.0,14,9.0,None,0.0,0.0,None,172
2013-06-07 00:00:00-07:00,2013-06-07 00:00:00-07:00,102,80,59,64,57,50,82,49,17,29.86,29.77,29.67,10,10,8.0,12,7.0,20,0.0,0.0,None,270
2013-06-08 00:00:00-07:00,2013-06-08 00:00:00-07:00,105,86,68,63,57,54,68,40,20,29.72,29.67,29.61,10,10,9.0,15,6.0,22,0.0,0.0,None,300
2013-06-09 00:00:00-07:00,2013-06-09 00:00:00-07:00,82,71,60,54,53,50,77,57,37,29.85,29.77,29.7,10,10,9.0,21,16.0,28,0.0,0.0,None,167
2013-06-10 00:00:00-07:00,2013-06-10 00:00:00-07:00,71,64,57,54,51,50,82,62,46,29.95,29.89,29.81,10,10,4.0,18,12.0,25,0.0,1.0,None,195
2013-06-11 00:00:00-07:00,2013-06-11 00:00:00-07:00,84,70,55,54,50,45,82,53,25,29.98,29.92,29.86,10,10,9.0,13,5.0,17,0.0,0.0,None,193
2013-06-12 00:00:00-07:00,2013-06-12 00:00:00-07:00,87,72,57,54,47,37,72,45,18,29.95,29.9,29.87,10,9,7.0,14,8.0,20,0.0,0.0,None,182
2013-06-13 00:00:00-07:00,2013-06-13 00:00:00-07:00,84,70,55,46,40,25,67,39,11,30.07,30.01,29.94,10,10,8.0,13,7.0,21,0.0,0.0,None,359
2013-06-14 00:00:00-07:00,2013-06-14 00:00:00-07:00,87,71,55,48,40,18,72,36,8,29.97,29.87,29.79,10,10,8.0,13,5.0,20,0.0,0.0,None,294
2013-06-15 00:00:00-07:00,2013-06-15 00:00:00-07:00,89,73,57,50,43,34,59,38,14,29.93,29.86,29.8,10,10,8.0,15,9.0,18,0.0,0.0,None,175
2013-06-16 00:00:00-07:00,2013-06-16 00:00:00-07:00,91,74,57,48,46,39,72,43,17,30.03,29.99,29.93,10,10,7.0,14,8.0,16,0.0,0.0,None,183
2013-06-17 00:00:00-07:00,2013-06-17 00:00:00-07:00,89,73,57,52,48,39,72,47,17,30.05,30.0,29.94,10,10,7.0,18,10.0,23,0.0,0.0,None,170
2013-06-18 00:00:00-07:00,2013-06-18 00:00:00-07:00,80,68,55,52,48,43,82,56,26,29.99,29.95,29.89,10,10,10.0,20,12.0,25,0.0,0.0,None,164
2013-06-19 00:00:00-07:00,2013-06-19 00:00:00-07:00,78,64,51,48,41,25,82,46,14,30.05,30.0,29.96,10,10,9.0,12,8.0,20,0.0,0.0,None,228
2013-06-20 00:00:00-07:00,2013-06-20 00:00:00-07:00,84,70,55,48,44,28,77,45,13,29.98,29.94,29.89,10,10,9.0,16,6.0,18,0.0,0.0,None,216
2013-06-21 00:00:00-07:00,2013-06-21 00:00:00-07:00,86,70,53,48,44,28,77,40,12,29.95,29.92,29.86,10,10,8.0,12,6.0,17,0.0,0.0,None,290
2013-06-22 00:00:00-07:00,2013-06-22 00:00:00-07:00,93,75,57,50,44,34,72,36,13,29.91,29.85,29.78,10,10,8.0,16,6.0,18,0.0,0.0,None,248
2013-06-23 00:00:00-07:00,2013-06-23 00:00:00-07:00,78,68,59,59,54,46,82,64,41,29.85,29.8,29.78,10,10,8.0,17,12.0,24,0.0,1.0,Rain,172
2013-06-24 00:00:00-07:00,2013-06-24 00:00:00-07:00,69,64,60,63,57,54,94,80,60,29.93,29.87,29.79,10,8,1.0,14,10.0,18,0.0,5.0,Rain,178
2013-06-25 00:00:00-07:00,2013-06-25 00:00:00-07:00,75,68,62,66,63,61,100,85,65,30.0,29.95,29.9,10,8,1.0,14,7.0,17,0.0,6.0,Rain,171
2013-06-26 00:00:00-07:00,2013-06-26 00:00:00-07:00,87,74,62,63,60,52,94,64,31,30.04,30.0,29.96,10,10,9.0,13,7.0,17,0.0,0.0,None,182
2013-06-27 00:00:00-07:00,2013-06-27 00:00:00-07:00,95,78,62,59,55,39,88,50,14,30.07,30.03,29.97,10,10,9.0,9,6.0,None,0.0,0.0,None,226
2013-06-28 00:00:00-07:00,2013-06-28 00:00:00-07:00,102,84,66,61,57,50,78,42,17,30.0,29.93,29.84,10,10,8.0,12,4.0,18,0.0,0.0,None,217
2013-06-29 00:00:00-07:00,2013-06-29 00:00:00-07:00,104,88,71,64,55,41,60,35,12,29.89,29.83,29.74,10,10,7.0,14,6.0,16,0.0,0.0,None,258
2013-06-30 00:00:00-07:00,2013-06-30 00:00:00-07:00,105,88,71,59,55,46,60,36,14,29.81,29.76,29.7,10,10,9.0,12,6.0,16,0.0,0.0,None,177
2013-07-01 00:00:00-07:00,2013-07-01 00:00:00-07:00,104,86,68,64,55,41,64,38,12,29.82,29.78,29.74,10,10,7.0,12,7.0,None,0.0,0.0,None,202
2013-07-02 00:00:00-07:00,2013-07-02 00:00:00-07:00,104,90,75,63,58,52,65,38,19,29.85,29.81,29.77,10,10,9.0,16,7.0,21,0.0,0.0,None,184
2013-07-03 00:00:00-07:00,2013-07-03 00:00:00-07:00,104,86,69,63,57,54,60,40,20,29.87,29.79,29.7,10,10,8.0,14,8.0,18,0.0,0.0,None,173
2013-07-04 00:00:00-07:00,2013-07-04 00:00:00-07:00,107,91,75,63,58,48,61,37,14,29.72,29.67,29.59,10,10,8.0,14,6.0,17,0.0,0.0,Rain,204
2013-07-05 00:00:00-07:00,2013-07-05 00:00:00-07:00,86,76,66,54,50,46,56,42,29,29.73,29.68,29.63,10,9,5.0,17,13.0,23,0.0,0.0,None,173
2013-07-06 00:00:00-07:00,2013-07-06 00:00:00-07:00,87,72,57,54,51,46,77,50,25,29.78,29.73,29.68,10,8,5.0,14,10.0,18,0.0,0.0,None,185
2013-07-07 00:00:00-07:00,2013-07-07 00:00:00-07:00,93,76,59,55,46,21,77,42,9,29.82,29.77,29.73,10,9,7.0,13,8.0,None,0.0,0.0,None,180
2013-07-08 00:00:00-07:00,2013-07-08 00:00:00-07:00,95,77,59,52,44,25,72,39,9,29.94,29.88,29.81,10,10,9.0,10,8.0,None,0.0,0.0,None,186
2013-07-09 00:00:00-07:00,2013-07-09 00:00:00-07:00,100,81,62,54,46,32,68,35,10,30.02,29.95,29.89,10,10,9.0,10,6.0,None,0.0,0.0,None,190
2013-07-10 00:00:00-07:00,2013-07-10 00:00:00-07:00,98,81,64,54,46,28,64,36,9,29.94,29.89,29.82,10,10,9.0,15,7.0,22,0.0,0.0,None,175
2013-07-11 00:00:00-07:00,2013-07-11 00:00:00-07:00,91,73,55,50,46,36,82,47,14,29.91,29.87,29.81,10,10,9.0,15,10.0,17,0.0,0.0,None,175
2013-07-12 00:00:00-07:00,2013-07-12 00:00:00-07:00,89,72,55,54,50,46,82,51,22,29.92,29.88,29.82,10,9,5.0,15,10.0,18,0.0,0.0,None,173
2013-07-13 00:00:00-07:00,2013-07-13 00:00:00-07:00,95,77,59,52,46,32,68,38,11,29.94,29.89,29.85,10,10,7.0,14,8.0,17,0.0,0.0,None,193
2013-07-14 00:00:00-07:00,2013-07-14 00:00:00-07:00,95,78,60,50,47,37,63,39,13,29.96,29.9,29.83,10,10,8.0,13,7.0,None,0.0,0.0,None,179
2013-07-15 00:00:00-07:00,2013-07-15 00:00:00-07:00,86,72,57,50,49,41,77,51,20,29.88,29.83,29.76,10,10,8.0,17,10.0,21,0.0,0.0,Rain,174
2013-07-16 00:00:00-07:00,2013-07-16 00:00:00-07:00,80,68,55,54,50,48,82,61,32,30.0,29.91,29.83,10,10,10.0,18,13.0,24,0.0,0.0,None,177
2013-07-17 00:00:00-07:00,2013-07-17 00:00:00-07:00,91,73,55,54,50,32,88,56,12,30.09,30.02,29.97,10,10,9.0,13,8.0,18,0.0,0.0,None,170
2013-07-18 00:00:00-07:00,2013-07-18 00:00:00-07:00,96,76,57,54,48,28,88,45,9,30.03,29.96,29.87,10,10,10.0,14,6.0,None,0.0,0.0,None,193
2013-07-19 00:00:00-07:00,2013-07-19 00:00:00-07:00,100,80,59,55,51,41,77,43,14,29.91,29.84,29.74,10,10,7.0,12,6.0,None,0.0,0.0,Rain,179
2013-07-20 00:00:00-07:00,2013-07-20 00:00:00-07:00,98,79,60,55,53,48,72,44,19,29.82,29.75,29.65,10,9,7.0,13,7.0,17,0.0,0.0,None,178
2013-07-21 00:00:00-07:00,2013-07-21 00:00:00-07:00,95,78,62,57,50,45,68,41,21,29.82,29.75,29.7,10,10,8.0,17,10.0,29,0.0,0.0,None,175
2013-07-22 00:00:00-07:00,2013-07-22 00:00:00-07:00,91,78,66,54,47,32,64,38,12,29.94,29.89,29.83,10,10,9.0,22,10.0,25,0.0,0.0,None,183
2013-07-23 00:00:00-07:00,2013-07-23 00:00:00-07:00,91,80,68,50,47,37,49,34,15,29.98,29.94,29.84,10,10,10.0,20,10.0,26,0.0,0.0,None,163
2013-07-24 00:00:00-07:00,2013-07-24 00:00:00-07:00,98,81,64,55,52,45,68,40,20,29.96,29.9,29.83,10,10,10.0,12,8.0,None,0.0,0.0,None,181
2013-07-25 00:00:00-07:00,2013-07-25 00:00:00-07:00,96,81,66,57,54,50,60,41,26,29.95,29.9,29.86,10,10,9.0,15,8.0,20,0.0,0.0,None,167
2013-07-26 00:00:00-07:00,2013-07-26 00:00:00-07:00,95,78,62,55,53,50,68,53,25,30.05,29.97,29.91,10,10,9.0,14,10.0,16,0.0,0.0,None,160
2013-07-27 00:00:00-07:00,2013-07-27 00:00:00-07:00,91,75,59,55,54,50,82,53,26,29.97,29.89,29.79,10,10,9.0,15,9.0,18,0.0,0.0,None,166
2013-07-28 00:00:00-07:00,2013-07-28 00:00:00-07:00,89,73,57,57,53,48,88,56,29,29.84,29.79,29.73,10,10,8.0,15,10.0,22,0.0,0.0,None,178
2013-07-29 00:00:00-07:00,2013-07-29 00:00:00-07:00,82,68,55,54,50,46,82,58,30,29.97,29.89,29.79,10,7,5.0,16,12.0,23,0.0,0.0,None,175
2013-07-30 00:00:00-07:00,2013-07-30 00:00:00-07:00,89,72,55,54,51,39,88,56,19,30.08,30.02,29.96,10,8,5.0,13,9.0,17,0.0,0.0,None,180
2013-07-31 00:00:00-07:00,2013-07-31 00:00:00-07:00,89,72,55,54,50,43,82,54,21,30.05,29.99,29.92,10,9,5.0,15,10.0,20,0.0,0.0,None,168
2013-08-01 00:00:00-07:00,2013-08-01 00:00:00-07:00,86,72,57,50,48,43,77,48,22,30.03,29.97,29.91,10,10,8.0,14,10.0,20,0.0,0.0,None,171
2013-08-02 00:00:00-07:00,2013-08-02 00:00:00-07:00,91,74,57,52,48,39,77,45,16,29.96,29.9,29.83,10,10,8.0,13,6.0,None,0.0,0.0,None,178
2013-08-03 00:00:00-07:00,2013-08-03 00:00:00-07:00,91,74,57,52,48,39,77,46,16,29.96,29.9,29.85,10,10,8.0,12,8.0,None,0.0,0.0,None,184
2013-08-04 00:00:00-07:00,2013-08-04 00:00:00-07:00,89,72,55,54,49,41,82,52,18,29.98,29.93,29.88,10,10,8.0,14,9.0,17,0.0,0.0,Rain,179
2013-08-05 00:00:00-07:00,2013-08-05 00:00:00-07:00,89,72,55,54,48,36,94,53,15,30.01,29.95,29.88,10,10,8.0,13,9.0,16,0.0,0.0,Rain,181
2013-08-06 00:00:00-07:00,2013-08-06 00:00:00-07:00,84,68,53,54,50,46,88,59,27,30.0,29.95,29.92,10,10,6.0,17,10.0,23,0.0,0.0,None,173
2013-08-07 00:00:00-07:00,2013-08-07 00:00:00-07:00,78,68,57,54,53,50,88,64,42,30.08,30.03,29.99,10,10,9.0,17,14.0,25,0.0,0.0,None,169
2013-08-08 00:00:00-07:00,2013-08-08 00:00:00-07:00,84,70,57,54,52,43,88,60,25,30.02,29.96,29.88,10,10,9.0,13,9.0,16,0.0,0.0,None,178
2013-08-09 00:00:00-07:00,2013-08-09 00:00:00-07:00,82,68,55,54,52,48,88,62,30,29.96,29.92,29.88,10,10,9.0,13,10.0,20,0.0,0.0,None,175
2013-08-10 00:00:00-07:00,2013-08-10 00:00:00-07:00,86,72,57,55,53,50,88,62,29,30.03,29.98,29.93,10,10,7.0,14,9.0,18,0.0,0.0,Rain,177
2013-08-11 00:00:00-07:00,2013-08-11 00:00:00-07:00,89,73,57,55,53,45,94,57,21,30.01,29.95,29.87,10,10,7.0,12,8.0,None,0.0,0.0,None,181
2013-08-12 00:00:00-07:00,2013-08-12 00:00:00-07:00,91,74,57,54,50,36,82,50,15,29.98,29.93,29.89,10,10,8.0,12,8.0,None,0.0,0.0,None,179
2013-08-13 00:00:00-07:00,2013-08-13 00:00:00-07:00,95,77,59,50,47,32,72,40,11,29.99,29.93,29.86,10,10,6.0,10,6.0,None,0.0,0.0,None,185
2013-08-14 00:00:00-07:00,2013-08-14 00:00:00-07:00,95,77,59,55,49,39,72,42,14,29.95,29.9,29.83,10,10,7.0,13,7.0,None,0.0,0.0,None,169
2013-08-15 00:00:00-07:00,2013-08-15 00:00:00-07:00,95,78,62,61,56,46,82,54,20,29.94,29.9,29.85,10,10,8.0,13,8.0,16,0.0,0.0,Rain,166
2013-08-16 00:00:00-07:00,2013-08-16 00:00:00-07:00,95,80,64,61,57,50,83,52,22,29.96,29.92,29.88,10,10,8.0,13,8.0,None,0.0,0.0,None,171
2013-08-17 00:00:00-07:00,2013-08-17 00:00:00-07:00,95,80,64,57,53,48,68,45,21,29.96,29.89,29.8,10,10,9.0,15,7.0,20,0.0,0.0,None,175
2013-08-18 00:00:00-07:00,2013-08-18 00:00:00-07:00,98,81,64,59,55,50,73,44,19,29.88,29.82,29.74,10,10,7.0,9,5.0,None,0.0,0.0,None,165
2013-08-19 00:00:00-07:00,2013-08-19 00:00:00-07:00,100,86,71,63,57,52,60,40,20,29.88,29.8,29.74,10,8,5.0,13,5.0,22,0.0,0.0,Rain,162
2013-08-20 00:00:00-07:00,2013-08-20 00:00:00-07:00,93,80,66,59,55,54,68,55,32,29.84,29.8,29.74,10,10,9.0,15,11.0,20,0.0,0.0,None,158
2013-08-22 00:00:00-07:00,2013-08-22 00:00:00-07:00,86,74,62,52,49,45,63,40,23,29.89,29.85,29.82,10,10,10.0,16,11.0,16,0.0,0.0,None,179
2013-08-23 00:00:00-07:00,2013-08-23 00:00:00-07:00,89,72,55,54,52,45,88,57,21,29.91,29.84,29.75,10,9,5.0,13,9.0,17,0.0,0.0,None,167
2013-08-24 00:00:00-07:00,2013-08-24 00:00:00-07:00,89,74,60,55,52,46,72,51,25,29.86,29.82,29.78,10,10,9.0,16,11.0,22,0.0,0.0,None,167
2013-08-25 00:00:00-07:00,2013-08-25 00:00:00-07:00,86,74,62,59,57,54,83,59,33,29.94,29.89,29.85,10,10,9.0,14,11.0,18,0.0,0.0,Rain,175
2013-08-26 00:00:00-07:00,2013-08-26 00:00:00-07:00,86,72,59,55,52,39,88,55,19,30.0,29.93,29.86,10,10,5.0,15,9.0,16,0.0,1.0,Rain,184
2013-08-27 00:00:00-07:00,2013-08-27 00:00:00-07:00,91,75,59,54,50,45,77,47,20,29.89,29.84,29.76,10,10,8.0,13,6.0,17,0.0,0.0,None,187
2013-08-28 00:00:00-07:00,2013-08-28 00:00:00-07:00,91,76,60,59,54,41,82,53,17,29.9,29.86,29.82,10,10,7.0,13,8.0,None,0.0,0.0,Rain,170
2013-08-29 00:00:00-07:00,2013-08-29 00:00:00-07:00,91,76,62,59,56,45,88,58,20,30.03,29.97,29.9,10,10,5.0,12,8.0,None,0.0,0.0,None,166
2013-08-30 00:00:00-07:00,2013-08-30 00:00:00-07:00,95,78,62,59,54,45,83,51,18,30.03,29.96,29.87,10,9,5.0,9,6.0,None,0.0,0.0,None,175
2013-08-31 00:00:00-07:00,2013-08-31 00:00:00-07:00,93,78,64,55,50,39,73,43,15,29.95,29.9,29.84,10,10,7.0,15,8.0,18,0.0,0.0,None,170
2013-09-01 00:00:00-07:00,2013-09-01 00:00:00-07:00,91,76,62,57,51,41,72,47,18,29.92,29.88,29.83,10,10,8.0,18,10.0,23,0.0,1.0,None,168
2013-09-02 00:00:00-07:00,2013-09-02 00:00:00-07:00,75,72,68,68,61,57,83,71,57,29.95,29.9,29.86,10,9,2.0,12,9.0,None,0.0,3.0,Rain,140
2013-09-03 00:00:00-07:00,2013-09-03 00:00:00-07:00,84,73,62,59,53,41,78,56,22,29.98,29.93,29.89,10,10,8.0,15,9.0,18,0.0,0.0,None,172
2013-09-04 00:00:00-07:00,2013-09-04 00:00:00-07:00,86,73,60,57,53,41,82,55,20,30.02,29.96,29.89,10,10,7.0,14,9.0,22,0.0,0.0,None,175
2013-09-05 00:00:00-07:00,2013-09-05 00:00:00-07:00,86,72,59,55,52,41,88,57,20,29.99,29.95,29.9,10,10,7.0,14,10.0,20,0.0,0.0,None,166
2013-09-06 00:00:00-07:00,2013-09-06 00:00:00-07:00,91,73,55,55,49,39,88,48,17,29.98,29.91,29.82,10,10,7.0,15,6.0,21,0.0,0.0,None,326
2013-09-07 00:00:00-07:00,2013-09-07 00:00:00-07:00,95,77,59,52,44,36,72,36,13,29.89,29.84,29.77,10,9,5.0,7,1.0,None,0.0,0.0,None,200
2013-09-08 00:00:00-07:00,2013-09-08 00:00:00-07:00,98,78,59,50,44,32,72,32,10,29.86,29.79,29.71,10,10,8.0,12,5.0,16,0.0,0.0,None,329
2013-09-09 00:00:00-07:00,2013-09-09 00:00:00-07:00,98,79,60,54,48,39,63,35,15,29.78,29.71,29.63,10,10,6.0,12,5.0,None,0.0,0.0,None,191
2013-09-10 00:00:00-07:00,2013-09-10 00:00:00-07:00,87,76,64,57,54,48,77,54,31,29.85,29.75,29.67,10,9,2.0,17,9.0,23,0.0,0.0,None,164
2013-09-11 00:00:00-07:00,2013-09-11 00:00:00-07:00,80,70,60,57,56,55,82,66,42,29.98,29.92,29.86,10,10,8.0,16,11.0,23,0.0,0.0,None,164
2013-09-12 00:00:00-07:00,2013-09-12 00:00:00-07:00,87,73,59,59,56,50,94,64,29,29.98,29.91,29.83,10,9,1.0,14,8.0,None,0.0,0.0,None,161
2013-09-13 00:00:00-07:00,2013-09-13 00:00:00-07:00,91,75,59,57,56,54,88,58,28,29.88,29.8,29.69,10,10,9.0,12,8.0,None,0.0,0.0,None,177
2013-09-14 00:00:00-07:00,2013-09-14 00:00:00-07:00,86,72,59,55,54,52,82,58,35,29.79,29.73,29.67,10,10,9.0,13,9.0,16,0.0,0.0,None,169
2013-09-15 00:00:00-07:00,2013-09-15 00:00:00-07:00,87,71,55,55,52,46,82,58,24,29.83,29.78,29.72,10,10,8.0,15,11.0,23,0.0,0.0,None,164
2013-09-16 00:00:00-07:00,2013-09-16 00:00:00-07:00,86,72,59,57,54,46,94,61,25,29.89,29.82,29.73,10,10,8.0,13,8.0,17,0.0,0.0,None,173
2013-09-17 00:00:00-07:00,2013-09-17 00:00:00-07:00,80,70,59,54,50,43,77,54,26,29.87,29.81,29.78,10,10,9.0,16,11.0,22,0.0,0.0,None,185
2013-09-18 00:00:00-07:00,2013-09-18 00:00:00-07:00,84,68,53,52,43,34,77,43,16,29.91,29.85,29.79,10,10,7.0,16,6.0,22,0.0,0.0,None,310
2013-09-19 00:00:00-07:00,2013-09-19 00:00:00-07:00,89,72,55,45,42,36,63,38,15,29.87,29.8,29.72,10,10,7.0,9,4.0,None,0.0,0.0,None,150
2013-09-20 00:00:00-07:00,2013-09-20 00:00:00-07:00,82,70,59,57,49,39,77,50,28,29.85,29.78,29.74,10,10,9.0,21,10.0,28,0.0,0.0,None,171
2013-09-21 00:00:00-07:00,2013-09-21 00:00:00-07:00,68,62,57,59,56,54,94,79,60,29.9,29.84,29.8,10,9,1.0,18,10.0,23,0.0,4.0,Rain,165
2013-09-22 00:00:00-07:00,2013-09-22 00:00:00-07:00,73,62,51,55,51,45,94,72,36,30.01,29.96,29.9,10,10,5.0,9,4.0,None,0.0,2.0,None,315
2013-09-23 00:00:00-07:00,2013-09-23 00:00:00-07:00,80,66,53,57,51,46,88,61,30,30.03,29.97,29.91,10,10,9.0,9,3.0,None,0.0,0.0,None,266
2013-09-24 00:00:00-07:00,2013-09-24 00:00:00-07:00,78,68,59,57,52,46,82,60,34,29.97,29.91,29.83,10,10,7.0,17,9.0,23,0.0,0.0,None,164
2013-09-25 00:00:00-07:00,2013-09-25 00:00:00-07:00,71,61,51,52,42,32,88,52,23,29.93,29.87,29.8,10,10,9.0,20,7.0,25,0.0,2.0,None,311
2013-09-26 00:00:00-07:00,2013-09-26 00:00:00-07:00,73,60,48,41,37,32,71,44,22,29.99,29.88,29.83,10,10,10.0,22,12.0,28,0.0,0.0,None,327
2013-09-27 00:00:00-07:00,2013-09-27 00:00:00-07:00,77,60,44,41,36,32,76,44,19,30.11,30.05,29.99,10,10,9.0,14,5.0,17,0.0,0.0,None,319
2013-09-28 00:00:00-07:00,2013-09-28 00:00:00-07:00,82,66,50,48,36,27,66,35,14,30.11,30.05,29.98,10,10,8.0,12,5.0,None,0.0,0.0,None,162
2013-09-29 00:00:00-07:00,2013-09-29 00:00:00-07:00,77,67,57,57,54,48,88,66,44,30.11,30.07,30.03,10,10,9.0,15,9.0,22,0.0,0.0,None,174
2013-09-30 00:00:00-07:00,2013-09-30 00:00:00-07:00,77,68,60,57,57,57,88,68,50,30.08,30.02,29.95,10,10,9.0,14,9.0,18,0.0,2.0,None,174
2013-10-01 00:00:00-07:00,2013-10-01 00:00:00-07:00,75,64,53,57,47,43,88,58,31,30.02,29.96,29.91,10,9,7.0,10,6.0,None,0.0,0.0,None,176
2013-10-02 00:00:00-07:00,2013-10-02 00:00:00-07:00,77,64,50,46,41,34,77,47,21,30.0,29.95,29.91,10,10,9.0,12,3.0,17,0.0,0.0,None,282
2013-10-03 00:00:00-07:00,2013-10-03 00:00:00-07:00,75,60,46,37,31,21,66,34,15,30.05,29.99,29.91,10,10,8.0,30,14.0,38,0.0,0.0,None,330
2013-10-04 00:00:00-07:00,2013-10-04 00:00:00-07:00,82,68,53,32,28,23,44,25,11,30.12,30.05,30.0,10,10,9.0,23,17.0,30,0.0,0.0,None,332
2013-10-05 00:00:00-07:00,2013-10-05 00:00:00-07:00,82,63,44,39,30,23,61,34,11,30.24,30.17,30.12,10,10,9.0,7,3.0,None,0.0,0.0,None,314
2013-10-06 00:00:00-07:00,2013-10-06 00:00:00-07:00,84,65,46,39,34,27,66,37,13,30.17,30.09,30.0,10,10,9.0,6,1.0,None,0.0,0.0,None,308
2013-10-07 00:00:00-07:00,2013-10-07 00:00:00-07:00,84,66,48,39,33,23,66,33,11,30.01,29.94,29.85,10,10,9.0,8,3.0,None,0.0,0.0,None,337
2013-10-08 00:00:00-07:00,2013-10-08 00:00:00-07:00,75,62,48,39,36,32,71,41,21,29.9,29.82,29.67,10,10,9.0,15,5.0,22,0.0,0.0,None,317
2013-10-09 00:00:00-07:00,2013-10-09 00:00:00-07:00,75,62,50,39,36,32,66,40,21,29.76,29.65,29.59,10,10,8.0,18,5.0,23,0.0,1.0,None,300
2013-10-10 00:00:00-07:00,2013-10-10 00:00:00-07:00,73,62,51,45,41,37,67,49,27,30.0,29.89,29.76,10,9,2.0,17,6.0,22,0.0,0.0,None,145
2013-10-11 00:00:00-07:00,2013-10-11 00:00:00-07:00,75,62,50,46,42,37,76,52,29,30.08,30.02,29.96,10,9,5.0,8,5.0,None,0.0,0.0,None,167
2013-10-12 00:00:00-07:00,2013-10-12 00:00:00-07:00,75,62,50,46,43,37,82,55,25,30.01,29.94,29.86,10,10,7.0,13,6.0,None,0.0,0.0,None,156
2013-10-13 00:00:00-07:00,2013-10-13 00:00:00-07:00,75,60,46,46,40,34,87,50,22,30.05,29.98,29.9,10,10,5.0,15,7.0,20,0.0,0.0,None,317
2013-10-14 00:00:00-07:00,2013-10-14 00:00:00-07:00,77,60,44,41,36,30,81,46,19,30.14,30.07,30.01,10,10,5.0,10,3.0,None,0.0,0.0,None,324
2013-10-15 00:00:00-07:00,2013-10-15 00:00:00-07:00,82,63,44,39,34,27,76,41,13,30.07,30.01,29.95,10,10,3.0,14,5.0,20,0.0,0.0,None,330
2013-10-16 00:00:00-07:00,2013-10-16 00:00:00-07:00,78,61,44,39,33,30,62,39,17,30.13,30.07,30.0,10,10,7.0,6,3.0,None,0.0,0.0,None,295
2013-10-17 00:00:00-07:00,2013-10-17 00:00:00-07:00,80,63,46,39,35,30,71,42,16,30.1,30.03,29.96,10,9,1.0,9,2.0,None,0.0,0.0,None,314
2013-10-18 00:00:00-07:00,2013-10-18 00:00:00-07:00,80,63,46,41,36,32,66,41,17,30.07,30.02,29.97,10,10,8.0,8,2.0,None,0.0,0.0,None,145
2013-10-19 00:00:00-07:00,2013-10-19 00:00:00-07:00,82,64,46,41,37,30,76,43,16,30.1,30.04,29.99,10,9,7.0,6,1.0,None,0.0,0.0,None,315
2013-10-20 00:00:00-07:00,2013-10-20 00:00:00-07:00,82,63,44,41,38,32,71,42,16,30.02,29.96,29.89,10,10,9.0,8,3.0,None,0.0,0.0,None,207
2013-10-21 00:00:00-07:00,2013-10-21 00:00:00-07:00,82,65,48,46,39,36,66,42,20,30.01,29.95,29.9,10,10,8.0,6,3.0,None,0.0,0.0,None,160
2013-10-22 00:00:00-07:00,2013-10-22 00:00:00-07:00,82,64,46,46,41,37,81,46,20,30.03,29.96,29.9,10,10,8.0,9,3.0,None,0.0,0.0,None,345
2013-10-23 00:00:00-07:00,2013-10-23 00:00:00-07:00,82,64,46,46,39,32,76,46,16,29.96,29.91,29.85,10,9,2.0,9,2.0,None,0.0,0.0,None,214
2013-10-24 00:00:00-07:00,2013-10-24 00:00:00-07:00,71,60,48,46,46,45,93,67,38,30.06,29.99,29.92,10,9,4.0,9,7.0,None,0.0,0.0,Rain,160
2013-10-25 00:00:00-07:00,2013-10-25 00:00:00-07:00,75,62,48,46,43,37,87,59,25,30.19,30.12,30.06,10,10,7.0,9,6.0,None,0.0,0.0,None,94
2013-10-26 00:00:00-07:00,2013-10-26 00:00:00-07:00,78,62,46,45,41,37,76,50,24,30.17,30.09,30.01,10,10,8.0,9,4.0,None,0.0,0.0,None,11
2013-10-27 00:00:00-07:00,2013-10-27 00:00:00-07:00,69,58,48,46,43,37,87,61,40,30.01,29.82,29.59,10,9,5.0,30,10.0,40,0.0,0.0,None,161
2013-10-28 00:00:00-07:00,2013-10-28 00:00:00-07:00,66,56,46,45,41,36,93,62,32,29.86,29.72,29.61,10,9,5.0,13,7.0,20,0.0,2.0,None,162
2013-10-29 00:00:00-07:00,2013-10-29 00:00:00-07:00,62,55,46,45,43,39,81,62,45,30.06,29.98,29.87,10,8,5.0,9,6.0,None,0.0,4.0,None,168
2013-10-30 00:00:00-07:00,2013-10-30 00:00:00-07:00,66,54,41,41,39,37,93,64,35,30.17,30.11,30.06,10,9,5.0,9,2.0,None,0.0,0.0,None,322
2013-10-31 00:00:00-07:00,2013-10-31 00:00:00-07:00,68,55,42,41,39,37,81,57,33,30.2,30.14,30.08,10,9,5.0,7,2.0,None,0.0,0.0,None,153
2013-11-01 00:00:00-07:00,2013-11-01 00:00:00-07:00,75,58,41,43,40,36,93,56,25,30.2,30.11,30.02,10,7,2.0,7,1.0,None,0.0,0.0,None,342
2013-11-02 00:00:00-07:00,2013-11-02 00:00:00-07:00,73,58,44,45,41,36,81,54,33,30.04,29.98,29.88,10,8,3.0,9,3.0,None,0.0,0.0,None,165
2013-11-03 00:00:00-07:00,2013-11-03 00:00:00-07:00,64,54,44,32,26,21,50,35,20,30.04,29.97,29.92,10,10,7.0,24,11.0,31,0.0,0.0,None,316
2013-11-04 00:00:00-08:00,2013-11-04 00:00:00-08:00,68,52,37,28,26,21,65,37,17,30.08,29.98,29.91,10,10,8.0,24,10.0,31,0.0,0.0,None,332
2013-11-05 00:00:00-08:00,2013-11-05 00:00:00-08:00,68,54,39,32,28,23,65,38,18,30.25,30.17,30.07,10,10,5.0,12,6.0,None,0.0,0.0,None,133
2013-11-06 00:00:00-08:00,2013-11-06 00:00:00-08:00,71,56,41,36,33,28,70,44,20,30.3,30.24,30.19,10,9,0.0,7,2.0,None,0.0,0.0,None,338
2013-11-07 00:00:00-08:00,2013-11-07 00:00:00-08:00,75,60,46,39,36,32,71,44,21,30.2,30.13,30.06,10,6,0.0,8,3.0,None,0.0,0.0,None,147
2013-11-08 00:00:00-08:00,2013-11-08 00:00:00-08:00,73,58,42,41,35,32,71,45,22,30.09,30.03,29.95,10,6,0.0,6,2.0,None,0.0,0.0,None,188
2013-11-09 00:00:00-08:00,2013-11-09 00:00:00-08:00,73,58,42,41,38,34,76,53,27,30.06,30.02,29.99,10,5,1.0,5,2.0,None,0.0,0.0,None,339
2013-11-10 00:00:00-08:00,2013-11-10 00:00:00-08:00,73,58,44,43,39,36,81,56,27,30.12,30.08,30.05,9,6,0.0,7,2.0,None,0.0,0.0,None,194
2013-11-11 00:00:00-08:00,2013-11-11 00:00:00-08:00,69,56,42,45,40,36,87,59,28,30.18,30.13,30.09,10,8,5.0,8,3.0,None,0.0,0.0,None,108
2013-11-12 00:00:00-08:00,2013-11-12 00:00:00-08:00,71,60,50,41,38,32,62,46,23,30.28,30.23,30.16,10,9,5.0,13,3.0,None,0.0,0.0,None,334
2013-11-13 00:00:00-08:00,2013-11-13 00:00:00-08:00,75,58,42,41,38,36,81,51,25,30.26,30.17,30.06,10,9,5.0,9,2.0,None,0.0,0.0,None,351
2013-11-14 00:00:00-08:00,2013-11-14 00:00:00-08:00,66,57,46,48,43,37,93,63,49,30.1,29.99,29.84,10,8,5.0,9,6.0,None,0.0,0.0,None,147
2013-11-15 00:00:00-08:00,2013-11-15 00:00:00-08:00,68,54,41,45,34,27,93,56,23,29.85,29.79,29.71,10,8,4.0,15,5.0,20,0.0,0.0,None,315
2013-11-16 00:00:00-08:00,2013-11-16 00:00:00-08:00,64,54,44,41,36,32,71,54,32,29.94,29.83,29.75,10,10,8.0,12,8.0,18,0.0,0.0,None,145
2013-11-17 00:00:00-08:00,2013-11-17 00:00:00-08:00,62,52,41,45,40,36,81,67,48,30.1,30.04,29.93,10,10,8.0,7,4.0,None,0.0,0.0,None,129
2013-11-18 00:00:00-08:00,2013-11-18 00:00:00-08:00,59,50,42,45,43,39,93,72,51,30.16,30.11,30.08,10,9,5.0,10,3.0,None,0.0,0.0,None,161
2013-11-19 00:00:00-08:00,2013-11-19 00:00:00-08:00,60,55,50,54,49,45,100,82,63,30.12,30.05,29.97,10,8,2.0,10,7.0,None,0.0,4.0,Rain,138
2013-11-20 00:00:00-08:00,2013-11-20 00:00:00-08:00,57,55,53,55,54,52,100,96,94,29.98,29.91,29.86,7,4,0.0,15,10.0,21,0.0,7.0,Rain,145
2013-11-21 00:00:00-08:00,2013-11-21 00:00:00-08:00,62,55,48,54,36,25,100,55,29,30.04,29.95,29.89,10,9,2.0,28,12.0,37,0.0,3.0,Rain,333
2013-11-22 00:00:00-08:00,2013-11-22 00:00:00-08:00,68,56,44,41,22,12,87,32,12,30.07,30.0,29.93,10,10,5.0,28,15.0,36,0.0,0.0,None,347
2013-11-23 00:00:00-08:00,2013-11-23 00:00:00-08:00,62,50,37,45,40,36,100,74,39,30.13,30.06,30.02,10,5,0.0,8,3.0,None,0.0,0.0,None,146
2013-11-24 00:00:00-08:00,2013-11-24 00:00:00-08:00,60,48,37,41,39,34,93,73,48,30.27,30.21,30.13,10,8,1.0,8,3.0,None,0.0,0.0,None,334
2013-11-25 00:00:00-08:00,2013-11-25 00:00:00-08:00,60,48,35,41,39,34,100,76,45,30.37,30.31,30.28,10,7,0.0,7,2.0,None,0.0,0.0,Fog,326
2013-11-26 00:00:00-08:00,2013-11-26 00:00:00-08:00,59,48,37,43,39,36,100,76,48,30.3,30.2,30.09,10,7,0.0,6,2.0,None,0.0,0.0,Fog,323
2013-11-27 00:00:00-08:00,2013-11-27 00:00:00-08:00,62,50,39,45,41,37,100,75,45,30.08,29.96,29.89,10,9,3.0,8,2.0,None,0.0,0.0,Rain,333
2013-11-28 00:00:00-08:00,2013-11-28 00:00:00-08:00,68,54,39,45,39,36,100,67,30,30.08,29.97,29.9,10,9,2.0,9,3.0,None,0.0,0.0,Rain,359
2013-11-29 00:00:00-08:00,2013-11-29 00:00:00-08:00,66,52,39,41,39,36,93,65,35,30.23,30.16,30.08,10,10,10.0,8,3.0,None,0.0,0.0,Rain,345
2013-11-30 00:00:00-08:00,2013-11-30 00:00:00-08:00,66,54,41,43,39,37,93,67,37,30.3,30.25,30.2,10,10,4.0,9,3.0,None,0.0,0.0,Rain,331
2013-12-01 00:00:00-08:00,2013-12-01 00:00:00-08:00,66,52,37,41,40,36,93,67,40,30.37,30.29,30.24,10,10,7.0,7,2.0,None,0.0,0.0,None,89
2013-12-02 00:00:00-08:00,2013-12-02 00:00:00-08:00,66,52,39,46,42,36,93,71,43,30.25,30.08,29.91,10,9,6.0,18,5.0,22,0.0,0.0,Rain,147
2013-12-03 00:00:00-08:00,2013-12-03 00:00:00-08:00,55,46,37,50,32,16,94,55,21,29.94,29.87,29.82,10,10,10.0,20,11.0,26,0.0,2.0,Rain,304
2013-12-04 00:00:00-08:00,2013-12-04 00:00:00-08:00,46,38,30,25,17,10,69,45,23,30.1,30.04,29.94,10,10,10.0,15,7.0,18,0.0,0.0,None,320
2013-12-05 00:00:00-08:00,2013-12-05 00:00:00-08:00,46,35,24,21,17,10,80,52,23,30.19,30.15,30.1,10,10,10.0,8,3.0,None,0.0,0.0,None,318
2013-12-06 00:00:00-08:00,2013-12-06 00:00:00-08:00,46,36,26,36,26,18,87,64,46,30.24,30.13,29.93,10,9,2.0,30,8.0,39,0.0,3.0,Rain,146
2013-12-07 00:00:00-08:00,2013-12-07 00:00:00-08:00,44,37,30,36,31,25,100,79,46,30.27,30.1,29.92,10,7,2.0,22,10.0,30,0.0,4.0,None,44
2013-12-08 00:00:00-08:00,2013-12-08 00:00:00-08:00,41,32,24,27,24,21,93,75,49,30.36,30.31,30.27,10,10,5.0,12,5.0,None,0.0,0.0,None,322
2013-12-09 00:00:00-08:00,2013-12-09 00:00:00-08:00,48,36,23,27,24,18,86,69,40,30.47,30.41,30.34,10,10,5.0,8,3.0,None,0.0,0.0,None,111
2013-12-10 00:00:00-08:00,2013-12-10 00:00:00-08:00,48,36,24,28,26,23,100,70,40,30.46,30.34,30.24,10,9,2.0,6,2.0,None,0.0,0.0,None,341
2013-12-11 00:00:00-08:00,2013-12-11 00:00:00-08:00,53,40,26,32,28,25,93,68,35,30.31,30.26,30.22,10,9,7.0,5,2.0,None,0.0,0.0,None,348
2013-12-12 00:00:00-08:00,2013-12-12 00:00:00-08:00,57,42,26,34,29,25,93,68,33,30.31,30.25,30.19,10,8,5.0,7,2.0,None,0.0,0.0,None,20
2013-12-13 00:00:00-08:00,2013-12-13 00:00:00-08:00,57,42,28,32,31,27,100,67,36,30.36,30.29,30.25,10,10,7.0,9,4.0,None,0.0,0.0,None,349
2013-12-14 00:00:00-08:00,2013-12-14 00:00:00-08:00,57,44,32,34,31,27,87,66,38,30.45,30.39,30.34,10,8,5.0,6,3.0,None,0.0,0.0,None,347
2013-12-15 00:00:00-08:00,2013-12-15 00:00:00-08:00,59,44,28,36,32,27,100,71,36,30.41,30.34,30.28,10,7,0.0,5,1.0,None,0.0,0.0,Fog,348
2013-12-16 00:00:00-08:00,2013-12-16 00:00:00-08:00,62,47,32,36,33,28,100,69,32,30.29,30.23,30.16,10,8,5.0,5,0.0,None,0.0,0.0,None,133
2013-12-17 00:00:00-08:00,2013-12-17 00:00:00-08:00,62,48,33,39,36,32,93,72,39,30.23,30.15,30.06,10,9,5.0,7,2.0,None,0.0,0.0,None,344
2013-12-18 00:00:00-08:00,2013-12-18 00:00:00-08:00,59,49,39,45,39,36,93,73,42,30.06,29.9,29.73,10,8,7.0,9,2.0,None,0.0,0.0,Rain,147
2013-12-19 00:00:00-08:00,2013-12-19 00:00:00-08:00,59,49,39,43,31,19,100,62,27,29.92,29.8,29.7,10,9,5.0,22,8.0,36,0.0,1.0,Rain,335
2013-12-20 00:00:00-08:00,2013-12-20 00:00:00-08:00,59,46,32,32,20,10,70,41,15,30.03,29.98,29.92,10,10,8.0,16,7.0,21,0.0,0.0,None,23
2013-12-21 00:00:00-08:00,2013-12-21 00:00:00-08:00,57,44,32,36,31,28,87,63,33,30.13,30.04,29.99,10,10,8.0,12,3.0,None,0.0,0.0,None,360
2013-12-22 00:00:00-08:00,2013-12-22 00:00:00-08:00,59,46,32,36,33,30,100,65,36,30.32,30.24,30.13,9,6,3.0,6,1.0,None,0.0,0.0,None,142
2013-12-23 00:00:00-08:00,2013-12-23 00:00:00-08:00,60,46,33,39,36,32,93,69,39,30.44,30.38,30.32,10,6,3.0,7,2.0,None,0.0,0.0,None,330
2013-12-24 00:00:00-08:00,2013-12-24 00:00:00-08:00,62,48,35,39,37,32,93,70,39,30.35,30.3,30.23,10,6,2.0,5,1.0,None,0.0,0.0,None,114
2013-12-25 00:00:00-08:00,2013-12-25 00:00:00-08:00,62,47,32,39,36,32,100,73,42,30.35,30.29,30.23,10,7,3.0,7,2.0,None,0.0,0.0,None,341
2013-12-26 00:00:00-08:00,2013-12-26 00:00:00-08:00,62,46,30,37,33,28,100,67,32,30.31,30.26,30.21,10,8,3.0,5,1.0,None,0.0,0.0,None,336
2013-12-27 00:00:00-08:00,2013-12-27 00:00:00-08:00,57,44,32,36,33,28,93,70,38,30.29,30.22,30.15,10,10,8.0,6,2.0,None,0.0,0.0,None,344
2013-12-28 00:00:00-08:00,2013-12-28 00:00:00-08:00,68,48,28,36,30,23,100,63,18,30.16,30.1,30.02,10,8,0.0,17,4.0,20,0.0,0.0,Fog,333
2013-12-29 00:00:00-08:00,2013-12-29 00:00:00-08:00,60,46,32,36,31,27,87,63,34,30.23,30.17,30.12,10,7,4.0,6,1.0,None,0.0,0.0,None,163
2013-12-30 00:00:00-08:00,2013-12-30 00:00:00-08:00,59,46,32,36,32,28,93,64,36,30.3,30.25,30.22,9,6,2.0,5,1.0,None,0.0,0.0,None,314
2013-12-31 00:00:00-08:00,2013-12-31 00:00:00-08:00,62,50,37,36,32,28,81,62,27,30.3,30.23,30.17,10,8,4.0,9,2.0,None,0.0,0.0,None,327
