,CloudCover,Events,Max Dew PointF,Max Gust SpeedMPH,Max Humidity,Max Sea Level PressureIn,Max TemperatureF,Max VisibilityMiles,Max Wind SpeedMPH,Mean Humidity,Mean Sea Level PressureIn,Mean TemperatureF,Mean VisibilityMiles,Mean Wind SpeedMPH,MeanDew PointF,Min DewpointF,Min Humidity,Min Sea Level PressureIn,Min TemperatureF,Min VisibilityMiles,PDT,PST,PrecipitationIn,WindDirDegrees
2014-01-01 00:00:00-08:00,5.0,Fog,40,21,100,30.38,43,10,16,93,30.32,39,3,3,38,34.0,85,30.25,35,0.0,,2014-01-01 00:00:00-08:00,0.0,306
2014-01-02 00:00:00-08:00,5.0,Fog-Rain,43,25,100,30.28,50,10,18,83,30.17,42,7,3,37,34.0,66,30.04,34,0.0,,2014-01-02 00:00:00-08:00,0.25,157
2014-01-03 00:00:00-08:00,5.0,Fog-Rain,43,12,100,30.33,48,10,9,83,30.23,40,6,2,37,30.0,65,30.1,32,1.0,,2014-01-03 00:00:00-08:00,0.12,226
2014-01-04 00:00:00-08:00,5.0,Fog,33,15,96,30.44,41,10,9,83,30.38,35,6,3,31,27.0,70,30.33,29,0.0,,2014-01-04 00:00:00-08:00,0.0,343
2014-01-05 00:00:00-08:00,1.0,Fog,30,45,92,30.44,47,10,35,67,30.39,38,6,18,26,21.0,42,30.27,28,0.0,,2014-01-05 00:00:00-08:00,0.0,76
2014-01-06 00:00:00-08:00,3.0,None,29,39,59,30.27,44,10,31,50,30.22,42,10,22,23,21.0,40,30.17,39,10.0,,2014-01-06 00:00:00-08:00,2015-04-05 00:00:00,92
2014-01-07 00:00:00-08:00,8.0,Rain,37,31,92,30.19,45,10,23,77,30.1,41,9,13,33,29.0,62,30.05,37,2.0,,2014-01-07 00:00:00-08:00,0.41,88
2014-01-08 00:00:00-08:00,8.0,Rain,48,31,92,30.07,53,10,23,86,29.97,46,8,10,40,37.0,80,29.83,39,2.0,,2014-01-08 00:00:00-08:00,0.37,96
2014-01-09 00:00:00-08:00,8.0,Rain,45,31,89,30.09,51,10,22,83,30.02,47,9,9,42,39.0,77,29.91,42,5.0,,2014-01-09 00:00:00-08:00,0.08,216
2014-01-10 00:00:00-08:00,8.0,Rain,46,27,93,30.17,59,10,21,82,30.05,54,10,9,44,39.0,71,29.78,48,9.0,,2014-01-10 00:00:00-08:00,0.01,199
2014-01-11 00:00:00-08:00,7.0,Rain,48,43,83,30.01,59,10,30,65,29.71,52,9,17,41,39.0,47,29.6,45,2.0,,2014-01-11 00:00:00-08:00,0.57,222
2014-01-12 00:00:00-08:00,8.0,Rain,49,34,89,30.47,54,10,25,80,30.27,50,9,11,44,38.0,71,30.06,45,2.0,,2014-01-12 00:00:00-08:00,0.32,224
2014-01-13 00:00:00-08:00,7.0,Rain,46,24,86,30.68,55,10,18,79,30.6,50,10,8,44,42.0,71,30.48,44,7.0,,2014-01-13 00:00:00-08:00,0.03,215
2014-01-14 00:00:00-08:00,3.0,Fog,43,9,100,30.67,49,10,8,90,30.64,43,4,1,39,35.0,80,30.58,36,0.0,,2014-01-14 00:00:00-08:00,0.0,123
2014-01-15 00:00:00-08:00,8.0,Fog,40,8,100,30.59,42,10,7,93,30.53,40,3,2,37,36.0,86,30.49,37,0.0,,2014-01-15 00:00:00-08:00,0.0,77
2014-01-16 00:00:00-08:00,6.0,Fog,38,13,100,30.48,42,10,9,91,30.41,38,4,5,35,32.0,82,30.3,33,0.0,,2014-01-16 00:00:00-08:00,0.0,279
2014-01-17 00:00:00-08:00,3.0,Fog,38,43,100,30.3,45,10,35,85,30.24,39,5,11,34,32.0,70,30.19,33,0.0,,2014-01-17 00:00:00-08:00,0.0,297
2014-01-18 00:00:00-08:00,0.0,None,32,42,76,30.3,47,10,31,67,30.23,42,10,17,31,30.0,58,30.16,37,10.0,,2014-01-18 00:00:00-08:00,0.0,95
2014-01-19 00:00:00-08:00,2.0,None,33,32,85,30.26,47,10,24,72,30.21,39,10,10,30,27.0,58,30.16,30,10.0,,2014-01-19 00:00:00-08:00,0.0,93
2014-01-20 00:00:00-08:00,0.0,None,30,43,70,30.32,44,10,33,64,30.28,41,10,26,29,27.0,57,30.26,37,10.0,,2014-01-20 00:00:00-08:00,0.0,86
2014-01-21 00:00:00-08:00,1.0,None,28,42,75,30.39,43,10,32,66,30.33,40,10,19,28,27.0,57,30.26,36,10.0,,2014-01-21 00:00:00-08:00,0.0,90
2014-01-22 00:00:00-08:00,6.0,None,34,37,76,30.41,44,10,29,73,30.38,40,10,11,31,28.0,70,30.34,36,10.0,,2014-01-22 00:00:00-08:00,0.0,85
2014-01-23 00:00:00-08:00,0.0,None,29,46,70,30.43,44,10,35,64,30.39,41,10,24,28,28.0,57,30.35,37,10.0,,2014-01-23 00:00:00-08:00,0.0,90
2014-01-24 00:00:00-08:00,0.0,None,28,51,70,30.42,42,10,40,62,30.37,39,10,30,27,25.0,53,30.3,36,10.0,,2014-01-24 00:00:00-08:00,0.0,87
2014-01-25 00:00:00-08:00,0.0,None,28,38,75,30.41,43,10,29,64,30.35,39,10,19,27,25.0,53,30.27,34,10.0,,2014-01-25 00:00:00-08:00,0.0,87
2014-01-26 00:00:00-08:00,0.0,None,28,40,75,30.27,42,10,32,66,30.18,38,10,19,27,26.0,57,30.11,34,10.0,,2014-01-26 00:00:00-08:00,0.0,86
2014-01-27 00:00:00-08:00,2.0,None,28,45,75,30.27,39,10,33,67,30.21,37,10,25,25,24.0,59,30.15,34,10.0,,2014-01-27 00:00:00-08:00,2015-04-05 00:00:00,84
2014-01-28 00:00:00-08:00,8.0,Rain,35,36,92,30.26,42,10,29,77,30.17,40,8,21,31,27.0,62,29.99,38,3.0,,2014-01-28 00:00:00-08:00,0.24,85
2014-01-29 00:00:00-08:00,8.0,Rain,46,37,92,29.96,55,10,28,78,29.86,47,9,16,39,35.0,64,29.74,38,2.0,,2014-01-29 00:00:00-08:00,0.35,144
2014-01-30 00:00:00-08:00,8.0,Rain,40,23,89,30.01,51,10,18,73,29.98,47,10,7,38,34.0,56,29.93,42,9.0,,2014-01-30 00:00:00-08:00,0.08,224
2014-01-31 00:00:00-08:00,8.0,Rain,40,20,83,30.17,48,10,15,77,30.1,45,10,6,39,37.0,71,30.01,42,9.0,,2014-01-31 00:00:00-08:00,0.03,219
2014-02-01 00:00:00-08:00,4.0,Rain,38,17,92,30.19,51,10,12,68,30.13,44,10,2,35,31.0,44,30.03,37,10.0,,2014-02-01 00:00:00-08:00,2015-04-05 00:00:00,77
2014-02-02 00:00:00-08:00,5.0,Rain,33,22,100,30.02,45,10,16,77,29.99,39,8,9,31,28.0,53,29.94,33,1.0,,2014-02-02 00:00:00-08:00,2015-04-05 00:00:00,45
2014-02-03 00:00:00-08:00,7.0,Rain,34,22,89,30.17,41,10,17,80,30.08,37,9,5,31,26.0,70,30.0,33,4.0,,2014-02-03 00:00:00-08:00,0.02,88
2014-02-04 00:00:00-08:00,6.0,None,25,27,75,30.38,36,10,22,61,30.26,32,10,14,21,13.0,47,30.17,28,10.0,,2014-02-04 00:00:00-08:00,0.0,85
2014-02-05 00:00:00-08:00,0.0,None,11,38,50,30.45,29,10,29,42,30.38,26,10,20,4,0.0,33,30.27,22,10.0,,2014-02-05 00:00:00-08:00,0.0,80
2014-02-06 00:00:00-08:00,7.0,Snow,15,43,84,30.24,24,10,31,61,29.89,22,4,20,11,0.0,38,29.76,19,0.0,,2014-02-06 00:00:00-08:00,0.01,78
2014-02-07 00:00:00-08:00,8.0,Snow,20,42,81,29.94,26,10,33,72,29.8,23,5,20,17,11.0,62,29.68,19,1.0,,2014-02-07 00:00:00-08:00,0.0,85
2014-02-08 00:00:00-08:00,8.0,Rain-Snow,24,42,85,30.02,29,10,31,77,29.91,27,4,22,21,18.0,68,29.78,25,0.0,,2014-02-08 00:00:00-08:00,0.23,86
2014-02-09 00:00:00-08:00,7.0,None,27,36,85,30.11,33,10,26,79,30.08,31,6,19,25,23.0,72,30.02,28,2.0,,2014-02-09 00:00:00-08:00,2015-04-05 00:00:00,82
2014-02-10 00:00:00-08:00,8.0,Rain,43,41,89,30.2,46,10,30,81,30.17,39,8,13,29,24.0,72,30.12,31,2.0,,2014-02-10 00:00:00-08:00,0.07,91
2014-02-11 00:00:00-08:00,8.0,Rain,45,22,100,30.18,47,10,17,95,30.1,42,5,6,41,36.0,89,29.78,37,1.0,,2014-02-11 00:00:00-08:00,0.3,85
2014-02-12 00:00:00-08:00,8.0,Rain,51,29,93,29.94,63,10,21,77,29.86,52,7,8,48,39.0,60,29.73,41,2.0,,2014-02-12 00:00:00-08:00,0.16,195
2014-02-13 00:00:00-08:00,3.0,Rain,49,25,83,30.16,56,10,20,67,30.02,51,10,11,42,38.0,51,29.83,45,6.0,,2014-02-13 00:00:00-08:00,0.09,187
2014-02-14 00:00:00-08:00,6.0,Rain,46,33,96,29.99,56,10,26,79,29.86,49,9,9,42,40.0,61,29.74,42,5.0,,2014-02-14 00:00:00-08:00,0.29,120
2014-02-15 00:00:00-08:00,8.0,Rain,50,39,92,29.93,57,10,28,85,29.62,50,8,15,42,38.0,77,29.4,43,2.0,,2014-02-15 00:00:00-08:00,0.8,134
2014-02-16 00:00:00-08:00,7.0,Rain,40,40,83,30.08,53,10,30,69,29.96,47,10,10,37,35.0,54,29.8,41,5.0,,2014-02-16 00:00:00-08:00,0.06,200
2014-02-17 00:00:00-08:00,7.0,Rain,45,45,86,30.02,55,10,30,68,29.87,50,9,13,40,36.0,50,29.75,44,6.0,,2014-02-17 00:00:00-08:00,0.52,226
2014-02-18 00:00:00-08:00,7.0,Rain,47,36,83,30.02,53,10,26,80,29.9,47,9,10,41,35.0,76,29.73,40,5.0,,2014-02-18 00:00:00-08:00,0.4,202
2014-02-19 00:00:00-08:00,8.0,Rain-Thunderstorm,40,29,89,30.23,48,10,23,77,30.17,43,9,7,37,34.0,65,30.01,38,2.0,,2014-02-19 00:00:00-08:00,0.2,224
2014-02-20 00:00:00-08:00,8.0,Rain,44,30,92,30.28,48,10,23,84,30.23,46,10,8,42,39.0,76,30.16,44,5.0,,2014-02-20 00:00:00-08:00,0.14,219
2014-02-21 00:00:00-08:00,8.0,None,42,13,96,30.31,50,10,8,76,30.27,45,8,3,39,32.0,56,30.23,40,1.0,,2014-02-21 00:00:00-08:00,2015-04-05 00:00:00,288
2014-02-22 00:00:00-08:00,6.0,None,35,9,92,30.25,46,10,7,71,30.18,38,9,1,31,28.0,49,30.06,29,1.0,,2014-02-22 00:00:00-08:00,0.0,159
2014-02-23 00:00:00-08:00,5.0,Rain,44,13,96,30.07,52,10,10,78,30.01,42,9,2,37,31.0,59,29.95,32,1.0,,2014-02-23 00:00:00-08:00,2015-04-05 00:00:00,96
2014-02-24 00:00:00-08:00,8.0,Rain,43,39,93,30.06,47,10,31,83,30.04,44,8,21,38,33.0,73,30.0,40,4.0,,2014-02-24 00:00:00-08:00,0.13,88
2014-02-25 00:00:00-08:00,1.0,Rain,32,42,76,30.09,46,10,32,65,30.05,43,10,24,30,28.0,53,30.0,39,10.0,,2014-02-25 00:00:00-08:00,2015-04-05 00:00:00,87
2014-02-26 00:00:00-08:00,3.0,None,29,41,64,29.99,47,10,31,57,29.86,44,10,21,28,26.0,49,29.67,40,10.0,,2014-02-26 00:00:00-08:00,0.0,89
2014-02-27 00:00:00-08:00,7.0,Rain,38,34,86,29.77,43,10,25,72,29.72,42,10,14,35,29.0,57,29.62,40,4.0,,2014-02-27 00:00:00-08:00,0.02,84
2014-02-28 00:00:00-08:00,3.0,None,38,37,92,29.73,54,10,29,71,29.57,47,10,16,37,33.0,50,29.44,39,9.0,,2014-02-28 00:00:00-08:00,0.0,87
2014-03-01 00:00:00-08:00,8.0,Rain,34,39,89,29.78,48,10,32,73,29.71,40,9,23,29,27.0,56,29.51,32,3.0,,2014-03-01 00:00:00-08:00,0.03,89
2014-03-02 00:00:00-08:00,8.0,Rain,47,43,92,29.85,55,10,33,82,29.74,44,7,18,31,27.0,71,29.68,32,2.0,,2014-03-02 00:00:00-08:00,0.36,81
2014-03-03 00:00:00-08:00,7.0,Rain,52,32,96,29.98,63,10,24,76,29.83,51,9,9,41,36.0,55,29.76,39,3.0,,2014-03-03 00:00:00-08:00,0.26,103
2014-03-04 00:00:00-08:00,7.0,Rain,48,21,93,30.04,63,10,16,75,29.97,55,10,5,46,44.0,56,29.84,46,10.0,,2014-03-04 00:00:00-08:00,0.02,183
2014-03-05 00:00:00-08:00,8.0,Rain,54,34,96,29.81,60,10,23,87,29.69,54,8,9,50,45.0,77,29.49,47,2.0,,2014-03-05 00:00:00-08:00,0.77,109
2014-03-06 00:00:00-08:00,7.0,Rain,48,44,80,30.16,56,10,31,71,29.85,53,10,12,45,42.0,61,29.64,49,7.0,,2014-03-06 00:00:00-08:00,0.15,207
2014-03-07 00:00:00-08:00,5.0,Rain,49,21,86,30.31,62,10,16,69,30.24,55,8,5,45,41.0,51,30.11,47,2.0,,2014-03-07 00:00:00-08:00,0.08,101
2014-03-08 00:00:00-08:00,6.0,Rain,54,29,93,30.12,58,10,23,78,29.97,52,9,12,45,39.0,63,29.85,45,4.0,,2014-03-08 00:00:00-08:00,0.34,106
2014-03-09 00:00:00-08:00,7.0,Rain-Thunderstorm,54,14,93,30.04,62,10,10,83,29.97,57,9,3,51,48.0,72,29.92,51,2.0,,2014-03-09 00:00:00-08:00,0.23,264
2014-03-10 00:00:00-07:00,6.0,Rain,48,26,86,30.49,55,10,20,74,30.18,46,10,5,43,37.0,61,29.99,37,5.0,,2014-03-10 00:00:00-07:00,0.04,260
2014-03-11 00:00:00-07:00,2.0,None,41,22,96,30.58,61,10,16,66,30.51,47,8,4,36,32.0,36,30.39,33,1.0,,2014-03-11 00:00:00-07:00,0.0,63
2014-03-12 00:00:00-07:00,0.0,None,37,32,76,30.39,66,10,25,51,30.26,54,10,9,33,29.0,26,30.14,41,10.0,,2014-03-12 00:00:00-07:00,0.0,79
2014-03-13 00:00:00-07:00,2.0,None,45,10,96,30.17,61,10,7,68,30.12,47,10,2,37,32.0,39,30.05,33,10.0,,2014-03-13 00:00:00-07:00,2015-04-05 00:00:00,81
2014-03-14 00:00:00-07:00,6.0,Rain,50,27,93,30.34,62,10,21,65,30.14,53,9,8,45,36.0,36,30.03,44,4.0,,2014-03-14 00:00:00-07:00,0.16,205
2014-03-15 00:00:00-07:00,4.0,None,49,19,92,30.32,67,10,15,68,30.3,52,10,6,42,35.0,43,30.25,37,10.0,,2014-03-15 00:00:00-07:00,0.0,197
2014-03-16 00:00:00-07:00,8.0,Rain,47,30,92,30.3,62,10,25,74,30.11,52,8,10,44,38.0,56,29.98,42,2.0,,2014-03-16 00:00:00-07:00,0.74,254
2014-03-17 00:00:00-07:00,8.0,Rain,39,25,89,30.39,53,10,18,69,30.29,47,10,9,35,30.0,48,30.09,41,8.0,,2014-03-17 00:00:00-07:00,2015-04-05 00:00:00,255
2014-03-18 00:00:00-07:00,5.0,Rain,40,9,89,30.39,56,10,8,70,30.31,49,10,2,38,36.0,51,30.17,41,8.0,,2014-03-18 00:00:00-07:00,2015-04-05 00:00:00,4
2014-03-19 00:00:00-07:00,5.0,Rain,43,28,96,30.28,56,10,22,79,30.17,46,9,5,38,33.0,61,30.11,35,2.0,,2014-03-19 00:00:00-07:00,0.03,153
2014-03-20 00:00:00-07:00,4.0,None,37,12,96,30.38,51,10,9,71,30.34,42,10,2,34,30.0,46,30.29,32,10.0,,2014-03-20 00:00:00-07:00,0.0,21
2014-03-21 00:00:00-07:00,2.0,None,35,16,92,30.34,58,10,12,64,30.26,45,10,3,32,29.0,36,30.2,31,10.0,,2014-03-21 00:00:00-07:00,0.0,302
2014-03-22 00:00:00-07:00,0.0,None,33,16,89,30.3,62,10,9,53,30.25,47,10,4,29,17.0,17,30.18,32,10.0,,2014-03-22 00:00:00-07:00,0.0,308
2014-03-23 00:00:00-07:00,0.0,None,39,27,89,30.31,63,10,8,63,30.25,48,10,3,34,30.0,36,30.2,32,10.0,,2014-03-23 00:00:00-07:00,0.0,105
2014-03-24 00:00:00-07:00,0.0,None,36,34,85,30.19,67,10,26,57,30.03,51,10,14,35,33.0,29,29.88,35,10.0,,2014-03-24 00:00:00-07:00,0.0,82
2014-03-25 00:00:00-07:00,6.0,Rain,47,49,93,29.88,61,10,35,70,29.73,54,10,9,42,35.0,47,29.65,46,5.0,,2014-03-25 00:00:00-07:00,0.29,141
2014-03-26 00:00:00-07:00,7.0,Rain,46,19,93,29.68,51,10,15,87,29.6,48,8,7,43,41.0,80,29.56,45,2.0,,2014-03-26 00:00:00-07:00,0.32,106
2014-03-27 00:00:00-07:00,7.0,Rain,47,35,86,29.92,58,10,26,71,29.76,52,10,10,43,39.0,55,29.61,45,3.0,,2014-03-27 00:00:00-07:00,0.21,187
2014-03-28 00:00:00-07:00,8.0,Rain,50,26,93,29.91,56,10,21,85,29.8,52,8,7,46,44.0,77,29.75,47,4.0,,2014-03-28 00:00:00-07:00,0.81,98
2014-03-29 00:00:00-07:00,6.0,Rain,46,46,89,29.91,57,10,32,74,29.84,51,9,9,43,40.0,59,29.8,44,2.0,,2014-03-29 00:00:00-07:00,0.37,190
2014-03-30 00:00:00-07:00,5.0,Rain,42,29,92,30.02,54,10,17,76,29.98,46,10,5,40,37.0,59,29.92,38,9.0,,2014-03-30 00:00:00-07:00,0.08,240
2014-03-31 00:00:00-07:00,3.0,Rain,45,29,93,29.96,61,10,24,70,29.78,50,10,12,39,35.0,46,29.67,38,6.0,,2014-03-31 00:00:00-07:00,0.27,102
2014-04-01 00:00:00-07:00,8.0,Rain,46,18,93,29.94,51,10,13,85,29.86,48,9,3,43,41.0,77,29.73,45,4.0,,2014-04-01 00:00:00-07:00,0.14,166
2014-04-02 00:00:00-07:00,6.0,None,46,11,93,30.06,60,10,8,70,30.01,52,10,2,43,39.0,47,29.95,44,10.0,,2014-04-02 00:00:00-07:00,0.0,69
2014-04-03 00:00:00-07:00,7.0,Rain,46,35,89,30.02,60,10,26,63,29.98,51,9,7,42,34.0,37,29.95,41,2.0,,2014-04-03 00:00:00-07:00,0.16,159
2014-04-04 00:00:00-07:00,8.0,Rain,46,20,86,30.0,58,10,15,65,29.97,53,10,4,42,35.0,43,29.94,47,7.0,,2014-04-04 00:00:00-07:00,0.03,230
2014-04-05 00:00:00-07:00,8.0,Rain,50,23,93,30.18,56,10,18,83,30.06,52,9,5,47,46.0,72,30.0,48,2.0,,2014-04-05 00:00:00-07:00,0.34,202
2014-04-06 00:00:00-07:00,6.0,Rain,51,21,93,30.3,65,10,17,73,30.24,56,10,5,48,46.0,52,30.17,47,7.0,,2014-04-06 00:00:00-07:00,2015-04-05 00:00:00,204
2014-04-07 00:00:00-07:00,3.0,Fog,50,11,100,30.3,76,10,8,68,30.24,60,6,3,45,41.0,35,30.08,43,0.0,,2014-04-07 00:00:00-07:00,0.0,258
2014-04-08 00:00:00-07:00,5.0,Rain,52,None,93,30.2,70,10,8,69,30.15,58,10,3,48,43.0,44,30.07,45,4.0,,2014-04-08 00:00:00-07:00,0.17,281
2014-04-09 00:00:00-07:00,1.0,None,47,14,92,30.27,63,10,9,59,30.21,54,10,4,40,26.0,25,30.17,44,10.0,,2014-04-09 00:00:00-07:00,0.0,287
2014-04-10 00:00:00-07:00,0.0,None,43,14,86,30.26,66,10,12,57,30.18,52,10,4,38,31.0,28,30.09,37,10.0,,2014-04-10 00:00:00-07:00,0.0,286
2014-04-11 00:00:00-07:00,0.0,None,44,19,92,30.14,69,10,13,65,30.09,54,10,5,41,35.0,37,29.99,38,10.0,,2014-04-11 00:00:00-07:00,0.0,292
2014-04-12 00:00:00-07:00,5.0,None,41,14,82,30.12,64,10,9,60,30.06,54,10,3,39,36.0,37,30.01,44,10.0,,2014-04-12 00:00:00-07:00,0.0,270
2014-04-13 00:00:00-07:00,0.0,None,41,27,92,30.25,71,10,21,57,30.19,54,10,9,33,24.0,22,30.14,36,10.0,,2014-04-13 00:00:00-07:00,0.0,77
2014-04-14 00:00:00-07:00,2.0,None,42,30,68,30.22,73,10,23,45,30.12,61,10,12,33,25.0,22,30.06,49,10.0,,2014-04-14 00:00:00-07:00,0.0,1
2014-04-15 00:00:00-07:00,6.0,None,41,13,71,30.26,60,10,10,55,30.2,54,10,5,38,35.0,39,30.12,47,10.0,,2014-04-15 00:00:00-07:00,2015-04-05 00:00:00,246
2014-04-16 00:00:00-07:00,8.0,Rain,49,14,93,30.14,60,10,10,75,30.1,55,10,2,45,41.0,57,30.01,49,10.0,,2014-04-16 00:00:00-07:00,0.1,182
2014-04-17 00:00:00-07:00,8.0,Rain,52,24,96,30.02,56,10,17,87,29.9,52,8,6,48,43.0,77,29.84,48,4.0,,2014-04-17 00:00:00-07:00,0.42,211
2014-04-18 00:00:00-07:00,2.0,None,43,21,96,30.16,62,10,16,66,30.05,51,10,3,39,33.0,36,29.86,40,10.0,,2014-04-18 00:00:00-07:00,0.0,279
2014-04-19 00:00:00-07:00,4.0,Rain,48,31,86,30.24,59,10,24,71,29.99,51,10,8,42,38.0,55,29.84,42,3.0,,2014-04-19 00:00:00-07:00,0.1,188
2014-04-20 00:00:00-07:00,2.0,None,46,12,89,30.3,65,10,8,66,30.22,54,10,3,43,39.0,43,30.12,42,10.0,,2014-04-20 00:00:00-07:00,0.0,91
2014-04-21 00:00:00-07:00,5.0,Rain,50,20,93,30.11,66,10,15,65,29.96,57,9,4,45,39.0,37,29.86,47,4.0,,2014-04-21 00:00:00-07:00,0.35,247
2014-04-22 00:00:00-07:00,7.0,Rain,47,32,93,29.98,56,10,23,72,29.93,51,8,7,43,36.0,50,29.87,46,2.0,,2014-04-22 00:00:00-07:00,0.62,239
2014-04-23 00:00:00-07:00,8.0,Rain,50,26,93,29.96,56,10,18,80,29.88,51,9,7,46,41.0,66,29.77,46,4.0,,2014-04-23 00:00:00-07:00,0.34,175
2014-04-24 00:00:00-07:00,7.0,Rain,49,29,89,29.92,59,10,21,70,29.83,53,10,8,45,40.0,51,29.72,46,2.0,,2014-04-24 00:00:00-07:00,0.28,201
2014-04-25 00:00:00-07:00,7.0,Rain,43,19,92,29.91,57,10,15,74,29.88,51,10,4,42,39.0,55,29.85,44,9.0,,2014-04-25 00:00:00-07:00,2015-04-05 00:00:00,188
2014-04-26 00:00:00-07:00,7.0,Rain,45,25,89,29.89,60,10,20,66,29.83,52,10,5,41,35.0,43,29.73,44,10.0,,2014-04-26 00:00:00-07:00,0.08,195
2014-04-27 00:00:00-07:00,7.0,Rain,43,29,89,30.18,56,10,23,76,29.94,51,9,7,42,39.0,63,29.74,45,3.0,,2014-04-27 00:00:00-07:00,0.15,227
2014-04-28 00:00:00-07:00,2.0,Fog,44,16,100,30.34,64,10,14,66,30.29,51,8,3,39,32.0,31,30.21,37,0.0,,2014-04-28 00:00:00-07:00,2015-04-05 00:00:00,72
2014-04-29 00:00:00-07:00,1.0,None,42,29,66,30.45,74,10,23,47,30.38,63,10,15,38,32.0,27,30.32,52,10.0,,2014-04-29 00:00:00-07:00,0.0,90
2014-04-30 00:00:00-07:00,0.0,None,41,32,36,30.33,80,10,25,30,30.21,70,10,18,35,31.0,23,30.08,59,10.0,,2014-04-30 00:00:00-07:00,0.0,94
2014-05-01 00:00:00-07:00,0.0,None,51,34,65,30.07,88,10,28,42,30.01,74,10,13,40,32.0,18,29.95,59,10.0,,2014-05-01 00:00:00-07:00,0.0,104
2014-05-02 00:00:00-07:00,3.0,Rain,54,23,80,30.08,75,10,16,57,30.0,62,10,5,49,43.0,33,29.92,49,8.0,,2014-05-02 00:00:00-07:00,2015-04-05 00:00:00,253
2014-05-03 00:00:00-07:00,8.0,Rain,50,30,83,29.98,63,10,23,68,29.88,57,10,8,47,44.0,52,29.8,51,6.0,,2014-05-03 00:00:00-07:00,0.09,205
2014-05-04 00:00:00-07:00,7.0,Rain,51,26,83,29.94,61,10,21,70,29.85,56,9,9,47,43.0,57,29.81,50,2.0,,2014-05-04 00:00:00-07:00,0.29,192
2014-05-05 00:00:00-07:00,7.0,Rain,48,17,88,30.06,64,10,12,69,29.99,58,10,6,45,40.0,43,29.94,51,5.0,,2014-05-05 00:00:00-07:00,0.04,237
2014-05-06 00:00:00-07:00,6.0,None,46,16,83,30.07,65,10,12,60,30.03,56,10,4,40,34.0,37,29.97,47,10.0,,2014-05-06 00:00:00-07:00,0.0,276
2014-05-07 00:00:00-07:00,2.0,None,42,13,83,30.06,66,10,12,60,29.99,55,10,3,39,36.0,36,29.9,44,10.0,,2014-05-07 00:00:00-07:00,0.0,153
2014-05-08 00:00:00-07:00,8.0,Rain,54,16,93,29.92,59,10,12,80,29.78,55,6,4,50,43.0,66,29.7,50,2.0,,2014-05-08 00:00:00-07:00,0.59,86
2014-05-09 00:00:00-07:00,7.0,Rain-Thunderstorm,48,29,86,30.05,58,10,20,74,29.98,54,9,9,45,43.0,62,29.87,49,2.0,,2014-05-09 00:00:00-07:00,0.34,221
2014-05-10 00:00:00-07:00,7.0,Rain,48,19,86,30.27,64,10,14,67,30.16,56,10,5,45,41.0,48,30.06,48,7.0,,2014-05-10 00:00:00-07:00,0.03,256
2014-05-11 00:00:00-07:00,1.0,None,49,10,92,30.33,68,10,8,65,30.28,55,10,3,43,39.0,37,30.22,42,10.0,,2014-05-11 00:00:00-07:00,0.0,346
2014-05-12 00:00:00-07:00,0.0,None,46,28,86,30.31,77,10,21,51,30.27,62,10,9,37,28.0,16,30.21,46,10.0,,2014-05-12 00:00:00-07:00,0.0,76
2014-05-13 00:00:00-07:00,0.0,None,47,28,67,30.3,82,10,21,46,30.25,69,10,9,39,31.0,25,30.2,55,10.0,,2014-05-13 00:00:00-07:00,0.0,84
2014-05-14 00:00:00-07:00,0.0,None,48,22,62,30.24,87,10,15,43,30.14,73,10,7,45,42.0,23,30.02,59,10.0,,2014-05-14 00:00:00-07:00,0.0,56
2014-05-15 00:00:00-07:00,0.0,None,56,17,65,30.07,83,10,14,49,30.02,70,10,6,49,43.0,33,29.97,56,10.0,,2014-05-15 00:00:00-07:00,0.0,148
2014-05-16 00:00:00-07:00,3.0,None,51,13,77,30.14,71,10,9,61,30.1,61,10,4,47,43.0,44,30.05,51,10.0,,2014-05-16 00:00:00-07:00,0.0,185
2014-05-17 00:00:00-07:00,6.0,Rain,51,16,77,30.09,70,10,12,59,29.99,63,10,3,48,44.0,40,29.85,56,10.0,,2014-05-17 00:00:00-07:00,2015-04-05 00:00:00,281
2014-05-18 00:00:00-07:00,8.0,Rain,53,24,93,29.94,64,10,17,79,29.88,58,8,4,51,47.0,64,29.86,52,1.0,,2014-05-18 00:00:00-07:00,1.3,184
2014-05-19 00:00:00-07:00,5.0,Rain,51,15,93,30.03,71,10,9,67,29.97,62,10,4,49,44.0,40,29.94,53,9.0,,2014-05-19 00:00:00-07:00,0.02,38
2014-05-20 00:00:00-07:00,2.0,None,53,20,93,30.14,75,10,14,66,30.08,61,10,5,49,46.0,38,30.03,47,10.0,,2014-05-20 00:00:00-07:00,0.0,309
2014-05-21 00:00:00-07:00,4.0,None,51,13,80,30.18,74,10,9,59,30.13,62,10,3,47,44.0,38,30.06,50,10.0,,2014-05-21 00:00:00-07:00,0.0,285
2014-05-22 00:00:00-07:00,0.0,None,58,12,89,30.1,83,10,9,63,30.03,67,10,3,53,48.0,37,29.95,51,9.0,,2014-05-22 00:00:00-07:00,0.0,264
2014-05-23 00:00:00-07:00,6.0,Rain,59,18,90,30.14,70,10,14,76,30.06,64,10,3,56,51.0,61,29.98,58,3.0,,2014-05-23 00:00:00-07:00,0.14,278
2014-05-24 00:00:00-07:00,5.0,None,50,13,77,30.19,70,10,9,59,30.16,63,10,3,48,44.0,40,30.11,56,10.0,,2014-05-24 00:00:00-07:00,0.0,288
2014-05-25 00:00:00-07:00,6.0,Rain,57,28,89,30.12,71,10,21,70,30.03,60,10,3,52,46.0,51,29.97,49,6.0,,2014-05-25 00:00:00-07:00,0.02,258
2014-05-26 00:00:00-07:00,5.0,None,51,30,72,30.15,71,10,20,52,30.12,62,10,7,46,38.0,31,30.01,53,10.0,,2014-05-26 00:00:00-07:00,2015-04-05 00:00:00,248
2014-05-27 00:00:00-07:00,7.0,Rain,50,16,89,30.16,69,10,13,62,30.13,61,10,4,45,38.0,34,30.09,52,8.0,,2014-05-27 00:00:00-07:00,0.04,285
2014-05-28 00:00:00-07:00,8.0,Rain,51,18,89,30.24,61,10,14,81,30.16,56,9,4,49,47.0,72,30.13,51,2.0,,2014-05-28 00:00:00-07:00,0.48,147
2014-05-29 00:00:00-07:00,6.0,Rain,51,15,93,30.25,68,10,9,68,30.2,59,10,3,48,43.0,42,30.11,50,9.0,,2014-05-29 00:00:00-07:00,2015-04-05 00:00:00,216
2014-05-30 00:00:00-07:00,2.0,None,49,15,93,30.1,78,10,10,62,30.01,62,9,3,46,42.0,30,29.89,45,2.0,,2014-05-30 00:00:00-07:00,0.0,265
2014-05-31 00:00:00-07:00,2.0,None,50,19,93,30.09,78,10,14,66,30.05,64,10,4,49,46.0,38,30.0,49,10.0,,2014-05-31 00:00:00-07:00,0.0,303
2014-06-01 00:00:00-07:00,4.0,None,52,13,77,30.12,74,10,8,61,30.05,64,10,3,49,46.0,44,29.94,54,10.0,,2014-06-01 00:00:00-07:00,0.0,264
2014-06-02 00:00:00-07:00,3.0,None,54,20,89,29.95,77,10,13,65,29.92,64,10,4,51,48.0,40,29.83,51,10.0,,2014-06-02 00:00:00-07:00,0.0,296
2014-06-03 00:00:00-07:00,6.0,None,49,14,72,30.1,68,10,10,60,30.03,61,10,4,46,45.0,48,29.94,53,10.0,,2014-06-03 00:00:00-07:00,0.0,294
2014-06-04 00:00:00-07:00,3.0,None,51,19,86,30.15,73,10,12,60,30.12,62,10,4,47,43.0,33,30.06,50,10.0,,2014-06-04 00:00:00-07:00,0.0,282
2014-06-05 00:00:00-07:00,2.0,None,49,16,83,30.17,77,10,10,53,30.1,63,10,4,45,35.0,23,30.01,49,10.0,,2014-06-05 00:00:00-07:00,0.0,298
2014-06-06 00:00:00-07:00,0.0,None,49,19,86,30.12,81,10,12,56,30.07,64,10,5,45,41.0,25,30.02,46,10.0,,2014-06-06 00:00:00-07:00,0.0,281
2014-06-07 00:00:00-07:00,3.0,None,52,21,83,30.19,78,10,13,60,30.14,66,10,3,50,47.0,36,30.09,54,10.0,,2014-06-07 00:00:00-07:00,0.0,283
2014-06-08 00:00:00-07:00,4.0,None,55,19,86,30.22,80,10,13,61,30.15,69,10,4,53,50.0,36,30.05,57,10.0,,2014-06-08 00:00:00-07:00,0.0,275
2014-06-09 00:00:00-07:00,4.0,None,51,18,86,30.15,74,10,12,64,30.11,65,10,5,49,45.0,41,30.04,55,10.0,,2014-06-09 00:00:00-07:00,0.0,285
2014-06-10 00:00:00-07:00,3.0,None,50,16,77,30.14,74,10,12,58,30.1,63,10,4,46,44.0,38,30.04,51,10.0,,2014-06-10 00:00:00-07:00,0.0,269
2014-06-11 00:00:00-07:00,3.0,None,52,15,89,30.05,79,10,9,59,29.95,65,10,3,49,42.0,28,29.8,50,10.0,,2014-06-11 00:00:00-07:00,0.0,240
2014-06-12 00:00:00-07:00,7.0,Rain,52,23,80,29.93,65,10,17,68,29.89,61,10,8,50,47.0,56,29.83,57,9.0,,2014-06-12 00:00:00-07:00,0.02,214
2014-06-13 00:00:00-07:00,8.0,Rain,54,18,86,30.17,66,10,14,67,30.04,61,10,7,49,43.0,48,29.94,55,5.0,,2014-06-13 00:00:00-07:00,0.12,237
2014-06-14 00:00:00-07:00,8.0,Rain,51,14,77,30.17,66,10,10,63,30.11,60,10,3,47,44.0,48,30.01,54,10.0,,2014-06-14 00:00:00-07:00,2015-04-05 00:00:00,272
2014-06-15 00:00:00-07:00,8.0,Rain,55,20,86,30.0,64,10,14,76,29.92,59,8,3,51,44.0,66,29.87,54,1.0,,2014-06-15 00:00:00-07:00,0.31,222
2014-06-16 00:00:00-07:00,7.0,Rain,50,14,89,30.04,60,10,12,76,29.96,55,8,3,47,44.0,62,29.92,50,3.0,,2014-06-16 00:00:00-07:00,0.26,222
2014-06-17 00:00:00-07:00,8.0,Rain,54,None,89,30.16,57,10,6,86,30.13,54,9,2,51,48.0,83,30.04,51,4.0,,2014-06-17 00:00:00-07:00,0.04,158
2014-06-18 00:00:00-07:00,3.0,None,52,12,83,30.14,71,10,8,65,30.08,61,10,2,48,45.0,47,30.0,51,10.0,,2014-06-18 00:00:00-07:00,0.0,164
2014-06-19 00:00:00-07:00,2.0,None,54,20,93,30.06,81,10,16,61,30.0,65,10,4,50,42.0,28,29.95,49,10.0,,2014-06-19 00:00:00-07:00,2015-04-05 00:00:00,309
2014-06-20 00:00:00-07:00,5.0,Rain,56,16,87,30.16,72,10,10,61,30.11,63,8,4,49,41.0,34,30.06,54,2.0,,2014-06-20 00:00:00-07:00,0.14,286
2014-06-21 00:00:00-07:00,0.0,None,50,12,86,30.12,75,10,8,61,30.06,62,10,1,47,44.0,35,29.98,48,10.0,,2014-06-21 00:00:00-07:00,0.0,319
2014-06-22 00:00:00-07:00,0.0,None,53,12,86,30.08,81,10,9,58,30.01,66,10,3,49,45.0,30,29.92,50,10.0,,2014-06-22 00:00:00-07:00,0.0,249
2014-06-23 00:00:00-07:00,2.0,Rain,53,20,93,30.09,82,10,12,64,30.02,68,10,4,51,44.0,35,29.96,54,10.0,,2014-06-23 00:00:00-07:00,0.01,34
2014-06-24 00:00:00-07:00,6.0,Rain,58,12,86,30.13,77,10,8,65,30.08,67,10,4,54,52.0,43,30.0,57,10.0,,2014-06-24 00:00:00-07:00,0.0,124
2014-06-25 00:00:00-07:00,5.0,None,60,17,93,29.99,78,10,14,70,29.91,68,10,3,57,54.0,47,29.8,57,10.0,,2014-06-25 00:00:00-07:00,2015-04-05 00:00:00,128
2014-06-26 00:00:00-07:00,8.0,Rain,61,21,90,29.86,67,10,16,82,29.83,64,8,4,59,56.0,73,29.79,61,2.0,,2014-06-26 00:00:00-07:00,0.88,235
2014-06-27 00:00:00-07:00,8.0,Rain,61,25,90,29.96,71,10,21,74,29.84,66,9,8,57,51.0,58,29.78,60,3.0,,2014-06-27 00:00:00-07:00,0.43,193
2014-06-28 00:00:00-07:00,8.0,None,56,25,78,30.07,74,10,21,66,29.99,67,10,8,54,52.0,53,29.95,60,10.0,,2014-06-28 00:00:00-07:00,2015-04-05 00:00:00,217
2014-06-29 00:00:00-07:00,6.0,None,54,12,80,30.2,74,10,8,64,30.15,65,10,4,52,50.0,47,30.07,56,10.0,,2014-06-29 00:00:00-07:00,2015-04-05 00:00:00,267
2014-06-30 00:00:00-07:00,1.0,None,58,14,89,30.19,86,10,12,61,30.08,68,10,4,52,48.0,32,29.91,50,10.0,,2014-06-30 00:00:00-07:00,0.0,89
2014-07-01 00:00:00-07:00,0.0,None,59,28,78,29.9,95,10,23,51,29.78,80,10,9,53,47.0,23,29.66,64,10.0,,2014-07-01 00:00:00-07:00,0.0,73
2014-07-02 00:00:00-07:00,0.0,None,57,22,68,30.02,83,10,13,54,29.93,73,10,4,54,51.0,39,29.8,63,10.0,,2014-07-02 00:00:00-07:00,0.0,268
2014-07-03 00:00:00-07:00,4.0,None,53,16,78,30.1,75,10,10,61,30.06,67,10,4,52,50.0,44,30.02,59,10.0,,2014-07-03 00:00:00-07:00,0.0,286
2014-07-04 00:00:00-07:00,1.0,None,56,16,83,30.06,80,10,12,58,30.01,68,10,3,51,46.0,33,29.95,56,4.0,,2014-07-04 00:00:00-07:00,0.0,264
2014-07-05 00:00:00-07:00,0.0,None,56,12,80,30.1,85,10,9,54,30.06,72,10,3,54,46.0,27,30.02,59,7.0,,2014-07-05 00:00:00-07:00,0.0,284
2014-07-06 00:00:00-07:00,0.0,None,61,13,84,30.16,89,10,10,58,30.1,74,10,4,57,53.0,31,30.04,58,10.0,,2014-07-06 00:00:00-07:00,0.0,316
2014-07-07 00:00:00-07:00,2.0,None,64,15,93,30.09,88,10,12,67,30.02,75,10,3,62,59.0,40,29.93,62,10.0,,2014-07-07 00:00:00-07:00,0.0,275
2014-07-08 00:00:00-07:00,4.0,None,62,15,87,30.01,89,10,10,63,29.97,77,10,4,60,53.0,38,29.9,64,10.0,,2014-07-08 00:00:00-07:00,0.0,268
2014-07-09 00:00:00-07:00,0.0,None,58,15,72,30.03,84,10,10,53,29.96,72,10,4,54,51.0,34,29.88,60,10.0,,2014-07-09 00:00:00-07:00,0.0,310
2014-07-10 00:00:00-07:00,3.0,None,58,12,86,29.97,85,10,9,60,29.92,71,10,3,54,51.0,34,29.82,56,10.0,,2014-07-10 00:00:00-07:00,0.0,264
2014-07-11 00:00:00-07:00,0.0,None,65,13,90,29.98,87,10,9,61,29.93,72,10,2,58,53.0,32,29.88,57,10.0,,2014-07-11 00:00:00-07:00,0.0,78
2014-07-12 00:00:00-07:00,0.0,None,63,13,84,30.07,93,10,9,55,30.02,78,10,3,60,54.0,26,29.96,62,10.0,,2014-07-12 00:00:00-07:00,0.0,275
2014-07-13 00:00:00-07:00,3.0,Rain,64,20,90,30.11,75,10,15,75,30.07,69,9,4,61,58.0,60,30.03,63,2.0,,2014-07-13 00:00:00-07:00,0.03,185
2014-07-14 00:00:00-07:00,4.0,None,62,None,84,30.14,86,10,9,63,30.08,75,10,4,59,57.0,42,30.0,63,10.0,,2014-07-14 00:00:00-07:00,0.0,280
2014-07-15 00:00:00-07:00,3.0,None,64,15,90,30.08,91,10,9,66,30.01,76,10,3,60,57.0,41,29.89,60,10.0,,2014-07-15 00:00:00-07:00,0.0,270
2014-07-16 00:00:00-07:00,0.0,None,61,17,84,30.01,92,10,10,56,29.95,77,10,4,58,54.0,28,29.88,61,10.0,,2014-07-16 00:00:00-07:00,0.0,282
2014-07-17 00:00:00-07:00,3.0,None,54,21,80,30.07,84,10,13,57,30.02,72,10,4,52,47.0,33,29.96,59,10.0,,2014-07-17 00:00:00-07:00,0.0,299
2014-07-18 00:00:00-07:00,2.0,None,56,15,80,30.12,81,10,12,61,30.08,69,10,3,52,50.0,42,30.02,56,10.0,,2014-07-18 00:00:00-07:00,0.0,297
2014-07-19 00:00:00-07:00,5.0,None,62,15,84,30.11,86,10,10,64,30.05,75,10,3,58,55.0,44,29.91,63,10.0,,2014-07-19 00:00:00-07:00,0.0,328
2014-07-20 00:00:00-07:00,8.0,None,60,16,76,29.99,73,10,9,60,29.96,67,10,6,52,49.0,44,29.93,61,10.0,,2014-07-20 00:00:00-07:00,0.0,298
2014-07-21 00:00:00-07:00,2.0,None,57,14,86,30.04,80,10,8,55,29.99,68,10,3,49,38.0,23,29.94,55,10.0,,2014-07-21 00:00:00-07:00,0.0,341
2014-07-22 00:00:00-07:00,7.0,Rain,64,13,97,30.06,74,10,9,79,30.02,68,7,2,60,55.0,61,29.98,61,2.0,,2014-07-22 00:00:00-07:00,0.66,152
2014-07-23 00:00:00-07:00,7.0,Rain,62,21,93,30.15,67,10,18,80,30.06,63,8,7,55,50.0,67,29.98,59,2.0,,2014-07-23 00:00:00-07:00,0.38,194
2014-07-24 00:00:00-07:00,7.0,None,57,27,78,30.26,70,10,20,68,30.2,63,10,6,53,50.0,57,30.15,56,10.0,,2014-07-24 00:00:00-07:00,2015-04-05 00:00:00,211
2014-07-25 00:00:00-07:00,3.0,None,56,12,93,30.17,79,10,8,64,30.11,66,10,2,52,48.0,35,30.03,53,10.0,,2014-07-25 00:00:00-07:00,0.0,274
2014-07-26 00:00:00-07:00,1.0,None,58,13,93,30.14,85,10,9,60,30.09,69,10,3,54,47.0,27,30.03,53,10.0,,2014-07-26 00:00:00-07:00,0.0,296
2014-07-27 00:00:00-07:00,1.0,None,61,13,93,30.12,88,10,9,64,30.06,72,10,2,57,53.0,35,29.99,55,10.0,,2014-07-27 00:00:00-07:00,0.0,254
2014-07-28 00:00:00-07:00,0.0,None,61,12,90,30.08,92,10,8,61,30.03,76,10,2,58,56.0,32,29.97,59,10.0,,2014-07-28 00:00:00-07:00,0.0,247
2014-07-29 00:00:00-07:00,0.0,None,60,17,90,30.11,90,10,10,62,30.05,75,10,4,57,54.0,34,29.99,59,10.0,,2014-07-29 00:00:00-07:00,0.0,255
2014-07-30 00:00:00-07:00,2.0,None,60,13,90,30.12,89,10,9,64,30.07,74,10,3,57,56.0,37,29.97,59,10.0,,2014-07-30 00:00:00-07:00,0.0,261
2014-07-31 00:00:00-07:00,0.0,None,58,13,93,30.05,92,10,9,62,29.99,75,10,3,56,54.0,30,29.9,58,10.0,,2014-07-31 00:00:00-07:00,0.0,256
2014-08-01 00:00:00-07:00,1.0,Rain-Thunderstorm,61,14,81,30.01,90,10,13,58,29.95,78,10,3,58,54.0,34,29.86,65,10.0,,2014-08-01 00:00:00-07:00,0.01,258
2014-08-02 00:00:00-07:00,0.0,None,59,16,78,29.99,87,10,10,58,29.95,75,10,4,57,55.0,37,29.91,62,10.0,,2014-08-02 00:00:00-07:00,0.0,274
2014-08-03 00:00:00-07:00,0.0,None,62,16,90,30.03,90,10,12,65,29.96,75,10,4,59,56.0,40,29.85,60,10.0,,2014-08-03 00:00:00-07:00,0.0,270
2014-08-04 00:00:00-07:00,0.0,None,60,22,87,29.97,93,10,13,60,29.91,78,10,4,58,53.0,32,29.83,63,10.0,,2014-08-04 00:00:00-07:00,0.0,275
2014-08-05 00:00:00-07:00,1.0,None,59,15,80,30.1,83,10,12,59,30.06,71,10,4,54,52.0,37,29.99,59,10.0,,2014-08-05 00:00:00-07:00,0.0,292
2014-08-06 00:00:00-07:00,4.0,None,58,14,78,30.15,84,10,12,58,30.09,74,10,4,57,54.0,37,30.02,63,10.0,,2014-08-06 00:00:00-07:00,0.0,275
2014-08-07 00:00:00-07:00,1.0,None,54,18,86,30.11,83,10,13,56,30.06,70,10,5,51,43.0,26,29.99,56,10.0,,2014-08-07 00:00:00-07:00,0.0,285
2014-08-08 00:00:00-07:00,1.0,None,55,17,80,30.13,80,10,12,58,30.08,69,10,4,52,50.0,36,30.02,57,10.0,,2014-08-08 00:00:00-07:00,0.0,301
2014-08-09 00:00:00-07:00,1.0,None,55,24,89,30.12,87,10,9,60,30.07,70,10,3,52,49.0,30,29.98,52,10.0,,2014-08-09 00:00:00-07:00,0.0,260
2014-08-10 00:00:00-07:00,0.0,None,59,12,93,30.04,96,10,10,60,29.96,76,10,3,56,53.0,27,29.84,55,10.0,,2014-08-10 00:00:00-07:00,0.0,275
2014-08-11 00:00:00-07:00,0.0,None,68,11,78,29.95,100,10,9,51,29.84,84,10,3,61,56.0,24,29.77,67,10.0,,2014-08-11 00:00:00-07:00,0.0,7
2014-08-12 00:00:00-07:00,3.0,Rain-Thunderstorm,66,27,84,29.91,81,10,21,65,29.85,75,10,3,61,56.0,45,29.8,68,9.0,,2014-08-12 00:00:00-07:00,0.05,169
2014-08-13 00:00:00-07:00,6.0,None,62,31,90,30.01,79,10,12,70,29.96,71,10,3,59,57.0,50,29.91,62,10.0,,2014-08-13 00:00:00-07:00,2015-04-05 00:00:00,201
2014-08-14 00:00:00-07:00,4.0,None,59,11,90,30.01,81,10,7,65,29.97,71,10,2,57,53.0,39,29.92,61,10.0,,2014-08-14 00:00:00-07:00,0.0,71
2014-08-15 00:00:00-07:00,4.0,None,61,None,78,30.05,82,10,7,62,30.0,73,10,4,58,56.0,45,29.96,64,10.0,,2014-08-15 00:00:00-07:00,0.0,103
2014-08-16 00:00:00-07:00,4.0,None,62,13,87,30.09,86,10,8,62,30.05,76,10,3,60,55.0,37,29.99,65,10.0,,2014-08-16 00:00:00-07:00,0.0,269
2014-08-17 00:00:00-07:00,1.0,None,61,21,90,30.08,89,10,12,65,30.03,75,10,3,60,57.0,39,29.94,61,10.0,,2014-08-17 00:00:00-07:00,0.0,299
2014-08-18 00:00:00-07:00,0.0,None,62,14,90,29.99,92,10,9,63,29.88,76,10,3,59,56.0,36,29.75,59,10.0,,2014-08-18 00:00:00-07:00,0.0,269
2014-08-19 00:00:00-07:00,1.0,None,60,19,87,29.88,87,10,14,61,29.83,75,10,5,58,54.0,35,29.78,63,10.0,,2014-08-19 00:00:00-07:00,0.0,324
2014-08-20 00:00:00-07:00,4.0,Rain,53,17,78,30.01,78,10,14,57,29.95,69,10,5,50,46.0,36,29.9,60,10.0,,2014-08-20 00:00:00-07:00,2015-04-05 00:00:00,284
2014-08-21 00:00:00-07:00,1.0,None,51,21,86,30.06,79,10,8,54,30.0,65,10,2,47,35.0,21,29.92,50,10.0,,2014-08-21 00:00:00-07:00,0.0,269
2014-08-22 00:00:00-07:00,2.0,None,54,19,72,30.05,81,10,12,53,30.01,69,10,4,51,47.0,33,29.96,57,10.0,,2014-08-22 00:00:00-07:00,0.0,247
2014-08-23 00:00:00-07:00,0.0,None,56,14,86,30.12,88,10,9,56,30.03,71,10,3,52,48.0,26,29.95,54,10.0,,2014-08-23 00:00:00-07:00,0.0,298
2014-08-24 00:00:00-07:00,0.0,None,58,16,86,29.97,84,10,12,56,29.92,69,10,4,53,45.0,26,29.85,54,10.0,,2014-08-24 00:00:00-07:00,0.0,271
2014-08-25 00:00:00-07:00,0.0,None,56,16,87,29.99,91,10,10,55,29.94,73,10,3,53,46.0,23,29.88,55,10.0,,2014-08-25 00:00:00-07:00,0.0,269
2014-08-26 00:00:00-07:00,0.0,None,57,16,84,30.02,94,10,9,51,29.96,76,10,3,53,43.0,17,29.9,58,10.0,,2014-08-26 00:00:00-07:00,0.0,265
2014-08-27 00:00:00-07:00,0.0,None,60,16,84,30.04,91,10,10,57,29.99,76,10,4,57,54.0,29,29.95,60,10.0,,2014-08-27 00:00:00-07:00,0.0,253
2014-08-28 00:00:00-07:00,2.0,None,60,14,84,30.12,84,10,10,59,30.06,72,10,3,56,53.0,34,29.98,60,10.0,,2014-08-28 00:00:00-07:00,0.0,316
2014-08-29 00:00:00-07:00,5.0,None,61,15,87,30.0,78,10,8,67,29.97,70,10,2,57,53.0,46,29.92,61,10.0,,2014-08-29 00:00:00-07:00,0.0,35
2014-08-30 00:00:00-07:00,6.0,Rain,62,22,93,30.01,72,10,15,70,29.95,65,9,5,56,49.0,47,29.92,57,2.0,,2014-08-30 00:00:00-07:00,0.06,190
2014-08-31 00:00:00-07:00,5.0,None,56,12,93,30.07,77,10,9,65,30.04,67,10,3,53,48.0,36,30.0,56,10.0,,2014-08-31 00:00:00-07:00,0.0,212
2014-09-01 00:00:00-07:00,1.0,None,58,None,93,30.09,81,10,9,62,30.02,67,10,3,52,45.0,30,29.95,52,10.0,,2014-09-01 00:00:00-07:00,0.0,289
2014-09-02 00:00:00-07:00,5.0,None,58,26,84,29.99,77,10,17,61,29.94,69,10,4,53,48.0,38,29.88,61,10.0,,2014-09-02 00:00:00-07:00,0.0,302
2014-09-03 00:00:00-07:00,3.0,None,49,18,77,30.11,74,10,10,56,30.05,63,10,4,46,43.0,35,29.99,52,10.0,,2014-09-03 00:00:00-07:00,0.0,196
2014-09-04 00:00:00-07:00,0.0,None,50,22,93,30.06,86,10,16,56,30.01,66,10,4,46,38.0,19,29.93,45,10.0,,2014-09-04 00:00:00-07:00,0.0,69
2014-09-05 00:00:00-07:00,0.0,None,49,28,77,30.04,90,10,21,45,29.99,73,10,12,41,30.0,12,29.93,55,10.0,,2014-09-05 00:00:00-07:00,0.0,85
2014-09-06 00:00:00-07:00,0.0,None,49,27,60,29.94,93,10,22,38,29.86,76,10,12,42,39.0,16,29.78,59,10.0,,2014-09-06 00:00:00-07:00,0.0,95
2014-09-07 00:00:00-07:00,0.0,None,55,15,86,29.89,86,10,9,57,29.85,68,10,2,49,46.0,27,29.77,50,10.0,,2014-09-07 00:00:00-07:00,0.0,260
2014-09-08 00:00:00-07:00,4.0,None,56,17,93,29.97,77,10,13,70,29.91,64,10,4,53,48.0,47,29.86,50,10.0,,2014-09-08 00:00:00-07:00,0.0,311
2014-09-09 00:00:00-07:00,5.0,None,55,14,77,30.13,76,10,10,56,30.08,67,10,4,49,43.0,35,29.99,58,10.0,,2014-09-09 00:00:00-07:00,2015-04-05 00:00:00,243
2014-09-10 00:00:00-07:00,1.0,None,54,18,89,30.18,79,10,14,58,30.12,65,10,4,51,32.0,26,30.04,50,10.0,,2014-09-10 00:00:00-07:00,0.0,357
2014-09-11 00:00:00-07:00,0.0,None,33,40,34,30.22,76,10,28,25,30.13,69,10,18,28,25.0,15,30.02,61,10.0,,2014-09-11 00:00:00-07:00,0.0,79
2014-09-12 00:00:00-07:00,0.0,None,36,31,30,30.01,82,10,23,24,29.91,72,10,16,32,28.0,18,29.84,62,10.0,,2014-09-12 00:00:00-07:00,0.0,91
2014-09-13 00:00:00-07:00,0.0,None,34,28,28,29.89,86,10,23,21,29.84,76,10,15,31,30.0,13,29.77,65,10.0,,2014-09-13 00:00:00-07:00,0.0,93
2014-09-14 00:00:00-07:00,1.0,None,40,27,43,29.86,88,10,22,29,29.82,75,10,12,36,34.0,15,29.78,61,10.0,,2014-09-14 00:00:00-07:00,0.0,87
2014-09-15 00:00:00-07:00,0.0,None,49,24,60,29.84,90,10,18,38,29.79,76,10,7,41,36.0,16,29.75,61,10.0,,2014-09-15 00:00:00-07:00,0.0,79
2014-09-16 00:00:00-07:00,1.0,None,55,19,83,29.94,77,10,13,62,29.89,65,10,4,51,48.0,40,29.82,53,10.0,,2014-09-16 00:00:00-07:00,2015-04-05 00:00:00,141
2014-09-17 00:00:00-07:00,1.0,None,58,10,86,29.82,77,10,8,65,29.73,67,10,2,55,52.0,43,29.68,57,10.0,,2014-09-17 00:00:00-07:00,2015-04-05 00:00:00,127
2014-09-18 00:00:00-07:00,7.0,Rain,61,13,90,29.99,74,10,7,76,29.85,67,9,2,58,55.0,61,29.72,59,4.0,,2014-09-18 00:00:00-07:00,0.05,147
2014-09-19 00:00:00-07:00,2.0,None,58,13,90,30.09,82,10,10,62,30.03,71,10,3,56,51.0,34,29.99,60,10.0,,2014-09-19 00:00:00-07:00,0.0,267
2014-09-20 00:00:00-07:00,0.0,None,57,31,93,30.03,92,10,24,60,29.91,72,10,9,52,49.0,26,29.79,52,10.0,,2014-09-20 00:00:00-07:00,0.0,91
2014-09-21 00:00:00-07:00,0.0,None,58,25,68,29.96,88,10,21,49,29.86,76,10,7,53,49.0,29,29.81,63,10.0,,2014-09-21 00:00:00-07:00,0.0,196
2014-09-22 00:00:00-07:00,4.0,Rain,57,14,78,30.02,71,10,12,68,29.97,66,10,5,54,53.0,57,29.91,61,10.0,,2014-09-22 00:00:00-07:00,2015-04-05 00:00:00,162
2014-09-23 00:00:00-07:00,5.0,Rain,60,23,87,29.91,70,10,18,78,29.81,64,9,4,57,54.0,68,29.7,58,6.0,,2014-09-23 00:00:00-07:00,0.28,101
2014-09-24 00:00:00-07:00,8.0,Rain,61,14,93,29.88,66,10,12,86,29.83,63,8,5,59,57.0,78,29.78,60,1.0,,2014-09-24 00:00:00-07:00,0.45,98
2014-09-25 00:00:00-07:00,5.0,Rain,58,26,93,29.93,73,10,20,69,29.87,66,10,3,55,49.0,44,29.83,58,5.0,,2014-09-25 00:00:00-07:00,0.02,161
2014-09-26 00:00:00-07:00,5.0,None,56,18,93,30.06,75,10,15,65,30.01,66,10,4,52,46.0,36,29.95,56,10.0,,2014-09-26 00:00:00-07:00,0.0,173
2014-09-27 00:00:00-07:00,6.0,None,55,15,87,30.09,70,10,13,72,30.06,62,10,4,53,51.0,57,30.01,53,10.0,,2014-09-27 00:00:00-07:00,0.0,182
2014-09-28 00:00:00-07:00,4.0,Fog,55,14,100,30.01,79,10,8,69,29.96,65,7,2,52,49.0,37,29.87,50,0.0,,2014-09-28 00:00:00-07:00,0.0,246
2014-09-29 00:00:00-07:00,7.0,Rain,59,16,93,30.04,66,10,13,80,29.96,59,9,3,54,49.0,67,29.9,51,1.0,,2014-09-29 00:00:00-07:00,0.1,191
2014-09-30 00:00:00-07:00,5.0,Rain,55,17,96,30.18,68,10,15,74,30.11,59,8,3,52,47.0,52,30.02,49,1.0,,2014-09-30 00:00:00-07:00,0.12,223
2014-10-01 00:00:00-07:00,4.0,Fog-Rain,55,10,100,30.25,65,10,8,74,30.19,55,4,1,47,44.0,48,30.05,44,0.0,,2014-10-01 00:00:00-07:00,0.0,138
2014-10-02 00:00:00-07:00,1.0,Fog,51,10,93,30.27,72,10,7,69,30.23,59,10,2,47,43.0,44,30.21,45,0.0,,2014-10-02 00:00:00-07:00,0.0,89
2014-10-03 00:00:00-07:00,0.0,None,50,31,89,30.23,79,10,25,57,30.17,64,10,11,44,39.0,25,30.12,49,8.0,,2014-10-03 00:00:00-07:00,0.0,81
2014-10-04 00:00:00-07:00,0.0,None,56,12,86,30.19,83,10,10,60,30.14,66,10,3,49,45.0,33,30.06,49,10.0,,2014-10-04 00:00:00-07:00,0.0,121
2014-10-05 00:00:00-07:00,0.0,None,57,12,89,30.11,85,10,9,62,30.06,68,10,2,53,49.0,34,29.99,50,10.0,,2014-10-05 00:00:00-07:00,0.0,211
2014-10-06 00:00:00-07:00,0.0,None,59,11,93,30.02,85,10,8,67,29.95,69,10,1,56,51.0,40,29.87,52,8.0,,2014-10-06 00:00:00-07:00,0.0,231
2014-10-07 00:00:00-07:00,1.0,None,60,14,93,29.95,81,10,7,71,29.91,68,10,3,57,52.0,49,29.84,54,4.0,,2014-10-07 00:00:00-07:00,0.0,120
2014-10-08 00:00:00-07:00,2.0,None,57,11,96,30.0,74,10,8,75,29.96,63,8,2,53,50.0,53,29.91,52,1.0,,2014-10-08 00:00:00-07:00,0.0,201
2014-10-09 00:00:00-07:00,3.0,None,55,12,93,30.04,74,10,9,71,30.0,62,9,2,51,47.0,49,29.96,49,1.0,,2014-10-09 00:00:00-07:00,0.0,147
2014-10-10 00:00:00-07:00,4.0,Fog,56,12,93,30.1,73,10,8,73,30.06,61,9,2,51,46.0,53,30.02,48,0.0,,2014-10-10 00:00:00-07:00,0.0,340
2014-10-11 00:00:00-07:00,7.0,Rain,59,19,93,30.25,71,10,14,73,30.12,63,7,4,56,49.0,52,30.04,54,2.0,,2014-10-11 00:00:00-07:00,0.5,233
2014-10-12 00:00:00-07:00,5.0,Fog,55,10,93,30.29,65,10,7,80,30.24,56,6,2,51,46.0,67,30.03,47,0.0,,2014-10-12 00:00:00-07:00,0.01,80
2014-10-13 00:00:00-07:00,2.0,Rain,56,30,93,30.02,76,10,22,61,29.84,63,10,7,47,39.0,29,29.72,49,4.0,,2014-10-13 00:00:00-07:00,0.07,139
2014-10-14 00:00:00-07:00,7.0,Rain,56,23,93,29.86,62,10,18,83,29.76,59,9,7,53,51.0,72,29.57,56,5.0,,2014-10-14 00:00:00-07:00,0.19,95
2014-10-15 00:00:00-07:00,7.0,Rain,53,32,93,30.04,61,10,24,80,29.77,57,10,8,50,47.0,67,29.54,53,4.0,,2014-10-15 00:00:00-07:00,0.17,166
2014-10-16 00:00:00-07:00,1.0,None,50,26,89,30.03,69,10,20,67,29.94,60,10,11,47,44.0,44,29.8,51,10.0,,2014-10-16 00:00:00-07:00,0.0,102
2014-10-17 00:00:00-07:00,7.0,Rain,53,33,93,29.91,63,10,25,71,29.81,59,10,14,50,43.0,48,29.75,55,7.0,,2014-10-17 00:00:00-07:00,0.39,92
2014-10-18 00:00:00-07:00,6.0,Rain,58,24,87,29.98,69,10,20,77,29.92,63,10,9,56,53.0,66,29.79,57,6.0,,2014-10-18 00:00:00-07:00,0.02,86
2014-10-19 00:00:00-07:00,2.0,None,57,24,93,29.79,76,10,18,70,29.75,66,10,5,54,52.0,46,29.69,55,10.0,,2014-10-19 00:00:00-07:00,0.0,102
2014-10-20 00:00:00-07:00,6.0,Rain,58,17,96,29.87,66,10,14,76,29.79,58,9,4,54,48.0,56,29.72,49,2.0,,2014-10-20 00:00:00-07:00,0.21,124
2014-10-21 00:00:00-07:00,8.0,Rain,51,24,86,30.01,63,10,17,79,29.93,59,10,6,50,49.0,72,29.86,55,10.0,,2014-10-21 00:00:00-07:00,0.12,157
2014-10-22 00:00:00-07:00,8.0,Rain,55,22,93,29.84,59,10,16,90,29.75,57,7,7,53,51.0,86,29.7,55,1.0,,2014-10-22 00:00:00-07:00,1.16,91
2014-10-23 00:00:00-07:00,8.0,Rain-Thunderstorm,53,25,96,30.0,61,10,14,87,29.88,56,8,4,51,46.0,78,29.76,51,1.0,,2014-10-23 00:00:00-07:00,0.9,104
2014-10-24 00:00:00-07:00,4.0,Rain,49,30,89,30.04,57,10,24,78,29.91,54,10,13,48,47.0,67,29.66,50,6.0,,2014-10-24 00:00:00-07:00,0.11,92
2014-10-25 00:00:00-07:00,6.0,Rain,53,43,83,29.89,65,10,31,75,29.57,59,10,17,49,47.0,67,29.4,52,4.0,,2014-10-25 00:00:00-07:00,0.08,149
2014-10-26 00:00:00-07:00,7.0,Rain,49,22,93,30.18,60,10,17,80,30.07,55,10,6,47,46.0,67,29.91,49,7.0,,2014-10-26 00:00:00-07:00,0.23,209
2014-10-27 00:00:00-07:00,5.0,Rain,49,23,93,30.18,61,10,18,75,30.11,54,10,8,47,44.0,57,29.99,46,10.0,,2014-10-27 00:00:00-07:00,2015-04-05 00:00:00,103
2014-10-28 00:00:00-07:00,8.0,Fog-Rain-Thunderstorm,52,34,100,30.03,56,10,25,83,29.96,53,7,11,49,45.0,66,29.93,50,0.0,,2014-10-28 00:00:00-07:00,0.47,86
2014-10-29 00:00:00-07:00,7.0,Rain,56,23,93,30.17,62,10,17,83,30.1,58,7,6,54,52.0,72,30.01,54,2.0,,2014-10-29 00:00:00-07:00,0.32,114
2014-10-30 00:00:00-07:00,7.0,Rain,54,32,93,29.99,60,10,25,83,29.84,58,8,16,53,51.0,72,29.77,56,3.0,,2014-10-30 00:00:00-07:00,0.95,88
2014-10-31 00:00:00-07:00,5.0,Fog-Rain,54,19,100,29.86,60,10,15,86,29.81,52,6,3,48,43.0,72,29.66,44,0.0,,2014-10-31 00:00:00-07:00,1.04,88
2014-11-01 00:00:00-07:00,8.0,Rain,47,9,93,30.09,53,10,8,85,29.91,49,9,3,45,43.0,77,29.82,45,1.0,,2014-11-01 00:00:00-07:00,0.03,196
2014-11-02 00:00:00-07:00,8.0,Fog-Rain,49,13,93,30.2,54,10,9,88,30.16,50,7,2,47,43.0,83,30.09,46,0.0,,2014-11-02 00:00:00-07:00,0.35,149
2014-11-03 00:00:00-08:00,8.0,Rain,53,8,100,30.21,58,10,6,90,30.17,55,9,2,52,49.0,80,30.13,52,4.0,,2014-11-03 00:00:00-08:00,0.25,71
2014-11-04 00:00:00-08:00,8.0,Rain,54,25,93,30.3,64,10,18,83,30.18,59,10,5,52,51.0,72,30.08,54,6.0,,2014-11-04 00:00:00-08:00,0.24,212
2014-11-05 00:00:00-08:00,6.0,Rain,54,26,86,30.29,63,10,20,77,30.15,59,10,11,52,50.0,67,29.99,55,9.0,,2014-11-05 00:00:00-08:00,0.01,94
2014-11-06 00:00:00-08:00,6.0,Rain,56,26,93,30.33,62,10,18,87,30.09,56,8,6,53,49.0,80,29.92,49,2.0,,2014-11-06 00:00:00-08:00,0.18,210
2014-11-07 00:00:00-08:00,4.0,Fog-Rain,49,13,96,30.46,58,10,9,84,30.37,49,4,2,44,38.0,72,30.33,40,0.0,,2014-11-07 00:00:00-08:00,2015-04-05 00:00:00,224
2014-11-08 00:00:00-08:00,4.0,Fog,46,8,100,30.33,59,10,7,81,30.26,49,4,2,42,38.0,62,30.09,39,0.0,,2014-11-08 00:00:00-08:00,0.0,224
2014-11-09 00:00:00-08:00,6.0,Rain,50,21,96,30.11,57,10,15,81,30.01,50,9,5,45,41.0,66,29.96,42,2.0,,2014-11-09 00:00:00-08:00,0.11,158
2014-11-10 00:00:00-08:00,3.0,Fog,46,22,100,30.14,58,10,18,69,30.1,50,9,6,40,29.0,38,30.05,42,0.0,,2014-11-10 00:00:00-08:00,2015-04-05 00:00:00,94
2014-11-11 00:00:00-08:00,0.0,None,29,52,53,30.25,47,10,36,38,30.15,42,10,22,16,4.0,22,30.06,36,10.0,,2014-11-11 00:00:00-08:00,0.0,82
2014-11-12 00:00:00-08:00,0.0,None,8,51,29,30.26,40,10,37,28,30.18,36,10,25,6,3.0,26,30.05,32,10.0,,2014-11-12 00:00:00-08:00,0.0,84
2014-11-13 00:00:00-08:00,8.0,Rain-Snow,27,46,78,30.04,38,10,33,54,29.97,35,7,20,23,11.0,29,29.93,32,1.0,,2014-11-13 00:00:00-08:00,0.17,82
2014-11-14 00:00:00-08:00,3.0,None,26,30,75,30.27,41,10,23,63,30.11,37,10,14,24,22.0,51,29.99,32,10.0,,2014-11-14 00:00:00-08:00,0.0,89
2014-11-15 00:00:00-08:00,0.0,None,21,37,63,30.53,43,10,29,48,30.41,38,10,20,19,15.0,33,30.28,32,10.0,,2014-11-15 00:00:00-08:00,0.0,99
2014-11-16 00:00:00-08:00,0.0,None,18,48,63,30.49,39,10,37,52,30.43,34,10,29,18,17.0,40,30.38,29,10.0,,2014-11-16 00:00:00-08:00,0.0,95
2014-11-17 00:00:00-08:00,0.0,None,20,43,58,30.41,40,10,33,51,30.32,36,10,28,19,18.0,44,30.18,31,10.0,,2014-11-17 00:00:00-08:00,0.0,93
2014-11-18 00:00:00-08:00,0.0,None,23,43,56,30.18,40,10,35,50,30.14,36,10,27,20,18.0,44,30.09,32,10.0,,2014-11-18 00:00:00-08:00,0.0,88
2014-11-19 00:00:00-08:00,3.0,Rain,31,45,64,30.08,42,10,36,55,29.97,39,10,28,23,19.0,45,29.88,36,7.0,,2014-11-19 00:00:00-08:00,0.01,90
2014-11-20 00:00:00-08:00,7.0,Rain,35,36,82,30.04,44,10,28,76,30.01,40,9,20,33,32.0,70,29.96,36,6.0,,2014-11-20 00:00:00-08:00,0.03,88
2014-11-21 00:00:00-08:00,8.0,Rain,54,36,93,29.96,58,10,29,82,29.64,50,7,16,43,34.0,70,29.42,41,2.0,,2014-11-21 00:00:00-08:00,0.64,89
2014-11-22 00:00:00-08:00,6.0,Fog-Rain-Thunderstorm,47,25,93,30.24,52,10,18,85,29.88,47,7,4,43,39.0,77,29.66,41,0.0,,2014-11-22 00:00:00-08:00,0.15,274
2014-11-23 00:00:00-08:00,8.0,Rain,48,35,93,30.37,55,10,24,80,30.29,50,6,6,45,43.0,66,30.22,45,1.0,,2014-11-23 00:00:00-08:00,0.51,221
2014-11-24 00:00:00-08:00,7.0,Rain,48,24,93,30.38,53,10,14,85,30.32,50,10,5,45,44.0,77,30.25,46,4.0,,2014-11-24 00:00:00-08:00,0.1,84
2014-11-25 00:00:00-08:00,8.0,None,55,26,89,30.31,62,10,20,81,30.28,57,10,9,53,51.0,72,30.25,51,10.0,,2014-11-25 00:00:00-08:00,2015-04-05 00:00:00,229
2014-11-26 00:00:00-08:00,5.0,Rain,52,10,93,30.28,62,10,8,80,30.12,58,10,3,51,50.0,67,29.98,53,10.0,,2014-11-26 00:00:00-08:00,2015-04-05 00:00:00,96
2014-11-27 00:00:00-08:00,8.0,Rain,51,29,89,29.99,62,10,20,72,29.92,58,10,8,48,44.0,55,29.82,53,6.0,,2014-11-27 00:00:00-08:00,0.04,204
2014-11-28 00:00:00-08:00,8.0,Rain,53,33,93,29.79,58,10,24,85,29.59,52,8,10,49,40.0,77,29.43,45,1.0,,2014-11-28 00:00:00-08:00,0.78,234
2014-11-29 00:00:00-08:00,6.0,Rain,41,25,96,30.13,45,10,18,77,29.88,37,10,5,32,25.0,58,29.62,29,4.0,,2014-11-29 00:00:00-08:00,0.12,265
2014-11-30 00:00:00-08:00,1.0,None,26,41,92,30.15,36,10,33,65,30.11,32,10,21,15,12.0,38,30.06,28,10.0,,2014-11-30 00:00:00-08:00,0.0,87
2014-12-01 00:00:00-08:00,6.0,None,26,37,75,30.18,35,10,29,61,30.15,32,10,15,22,12.0,47,30.09,29,10.0,,2014-12-01 00:00:00-08:00,0.0,82
2014-12-02 00:00:00-08:00,0.0,None,26,43,85,30.17,38,10,35,72,30.02,33,10,20,24,23.0,59,29.89,27,10.0,,2014-12-02 00:00:00-08:00,0.0,83
2014-12-03 00:00:00-08:00,6.0,Rain,29,41,70,29.88,43,10,32,60,29.81,40,10,25,25,23.0,49,29.75,36,10.0,,2014-12-03 00:00:00-08:00,0.01,90
2014-12-04 00:00:00-08:00,8.0,Rain,36,40,92,29.97,40,10,31,84,29.86,38,7,23,34,29.0,75,29.81,36,2.0,,2014-12-04 00:00:00-08:00,0.67,83
2014-12-05 00:00:00-08:00,7.0,Rain,38,42,82,30.0,43,10,33,75,29.92,41,9,25,35,32.0,67,29.8,39,5.0,,2014-12-05 00:00:00-08:00,0.12,82
2014-12-06 00:00:00-08:00,7.0,Rain,46,38,92,30.24,53,10,31,84,30.11,47,9,11,40,36.0,76,29.9,40,4.0,,2014-12-06 00:00:00-08:00,0.1,77
2014-12-07 00:00:00-08:00,1.0,None,40,39,83,30.2,49,10,33,75,30.11,47,10,25,38,37.0,66,30.02,44,10.0,,2014-12-07 00:00:00-08:00,0.0,92
2014-12-08 00:00:00-08:00,5.0,None,38,42,76,30.08,48,10,33,74,30.01,47,10,23,37,37.0,71,29.94,45,10.0,,2014-12-08 00:00:00-08:00,0.0,84
2014-12-09 00:00:00-08:00,8.0,Rain,48,47,93,29.95,52,10,36,82,29.91,49,8,19,43,38.0,71,29.75,45,3.0,,2014-12-09 00:00:00-08:00,0.3,83
2014-12-10 00:00:00-08:00,4.0,Fog-Rain,50,38,96,29.71,57,10,30,84,29.56,48,6,14,44,38.0,71,29.36,39,0.0,,2014-12-10 00:00:00-08:00,0.43,100
2014-12-11 00:00:00-08:00,5.0,Rain,47,55,92,29.64,65,10,39,68,29.34,54,10,17,43,39.0,43,29.13,43,7.0,,2014-12-11 00:00:00-08:00,0.08,128
2014-12-12 00:00:00-08:00,7.0,Rain,46,17,96,30.08,55,10,13,84,29.85,49,8,1,44,41.0,71,29.65,42,2.0,,2014-12-12 00:00:00-08:00,0.12,208
2014-12-13 00:00:00-08:00,7.0,Fog,43,18,100,30.24,50,10,6,86,30.18,43,4,1,40,36.0,71,30.08,35,0.0,,2014-12-13 00:00:00-08:00,0.0,283
2014-12-14 00:00:00-08:00,0.0,None,38,40,92,30.18,48,10,29,75,30.06,43,10,21,35,31.0,58,29.99,37,7.0,,2014-12-14 00:00:00-08:00,0.0,92
2014-12-15 00:00:00-08:00,5.0,Rain,33,35,70,29.99,47,10,28,64,29.89,45,10,21,33,31.0,58,29.84,42,10.0,,2014-12-15 00:00:00-08:00,2015-04-05 00:00:00,94
2014-12-16 00:00:00-08:00,6.0,Rain,37,33,86,29.86,46,10,26,78,29.84,44,10,20,35,33.0,70,29.81,41,9.0,,2014-12-16 00:00:00-08:00,2015-04-05 00:00:00,90
2014-12-17 00:00:00-08:00,7.0,Rain,40,31,83,29.99,46,10,25,74,29.88,45,10,16,37,34.0,65,29.78,43,9.0,,2014-12-17 00:00:00-08:00,0.03,85
2014-12-18 00:00:00-08:00,8.0,Rain,43,35,86,29.98,48,10,28,79,29.91,45,9,18,39,37.0,71,29.8,42,5.0,,2014-12-18 00:00:00-08:00,0.22,86
2014-12-19 00:00:00-08:00,7.0,Rain,43,19,92,30.03,54,10,14,78,29.96,49,10,7,42,40.0,64,29.87,43,9.0,,2014-12-19 00:00:00-08:00,0.08,118
2014-12-20 00:00:00-08:00,8.0,Rain,56,35,93,29.88,60,10,25,88,29.7,53,9,13,47,41.0,82,29.62,45,4.0,,2014-12-20 00:00:00-08:00,0.65,125
2014-12-21 00:00:00-08:00,8.0,Rain,54,33,96,30.17,60,10,24,82,30.03,56,9,10,50,47.0,67,29.75,51,2.0,,2014-12-21 00:00:00-08:00,0.06,228
2014-12-22 00:00:00-08:00,6.0,Rain,50,13,96,30.39,56,10,12,81,30.3,50,7,2,46,40.0,66,30.19,44,1.0,,2014-12-22 00:00:00-08:00,0.04,205
2014-12-23 00:00:00-08:00,8.0,Rain,50,22,93,30.33,52,10,16,85,30.19,49,8,7,44,39.0,76,30.01,45,2.0,,2014-12-23 00:00:00-08:00,0.13,93
2014-12-24 00:00:00-08:00,8.0,Rain,44,17,96,30.09,47,10,13,86,29.97,45,8,7,41,39.0,76,29.9,42,4.0,,2014-12-24 00:00:00-08:00,0.46,250
2014-12-25 00:00:00-08:00,8.0,Rain,43,13,96,30.3,49,10,10,87,30.21,45,9,3,40,39.0,77,30.09,41,4.0,,2014-12-25 00:00:00-08:00,0.16,255
2014-12-26 00:00:00-08:00,8.0,Fog-Rain,43,6,100,30.38,49,10,6,89,30.34,43,8,1,41,36.0,77,30.28,37,0.0,,2014-12-26 00:00:00-08:00,0.01,86
2014-12-27 00:00:00-08:00,8.0,Rain,43,20,92,30.34,46,10,15,84,30.24,45,9,4,41,37.0,76,30.17,43,4.0,,2014-12-27 00:00:00-08:00,0.19,228
2014-12-28 00:00:00-08:00,8.0,Rain,42,21,93,30.27,47,10,15,85,30.22,44,8,5,39,37.0,76,30.16,40,1.0,,2014-12-28 00:00:00-08:00,0.33,243
2014-12-29 00:00:00-08:00,4.0,Rain,37,38,92,30.67,43,10,28,65,30.33,38,10,11,27,12.0,37,30.16,33,5.0,,2014-12-29 00:00:00-08:00,0.11,73
2014-12-30 00:00:00-08:00,0.0,None,10,39,46,30.82,34,10,29,38,30.77,31,10,17,7,4.0,29,30.68,28,10.0,,2014-12-30 00:00:00-08:00,0.0,77
2014-12-31 00:00:00-08:00,0.0,None,12,42,50,30.68,34,10,33,44,30.54,31,10,22,10,9.0,38,30.39,27,10.0,,2014-12-31 00:00:00-08:00,0.0,85
2015-01-01 00:00:00-08:00,0.0,None,17,43,55,30.38,36,10,35,47,30.29,32,10,26,14,12.0,38,30.22,27,10.0,2015-01-01 00:00:00-08:00,,0.0,89
2015-01-02 00:00:00-08:00,4.0,None,30,37,70,30.27,42,10,30,58,30.22,36,10,7,23,16.0,45,30.19,30,10.0,2015-01-02 00:00:00-08:00,,2015-04-05 00:00:00,90
2015-01-03 00:00:00-08:00,8.0,Rain,37,19,100,30.29,41,10,15,88,30.26,39,4,4,36,31.0,76,30.23,37,1.0,2015-01-03 00:00:00-08:00,,2015-04-05 00:00:00,90
2015-01-04 00:00:00-08:00,8.0,Rain,46,25,92,30.3,54,10,18,85,30.26,46,6,10,37,34.0,77,30.2,37,3.0,2015-01-04 00:00:00-08:00,,0.19,89
2015-01-05 00:00:00-08:00,4.0,Fog-Rain,50,27,93,30.35,58,10,18,80,30.3,49,7,8,45,39.0,67,30.22,40,0.0,2015-01-05 00:00:00-08:00,,0.04,194
2015-01-06 00:00:00-08:00,1.0,Fog,43,19,100,30.32,51,10,15,87,30.28,45,5,4,40,37.0,74,30.25,38,0.0,2015-01-06 00:00:00-08:00,,0.0,346
2015-01-07 00:00:00-08:00,2.0,Fog,41,36,100,30.3,55,10,28,80,30.25,46,6,9,38,34.0,59,30.2,36,0.0,2015-01-07 00:00:00-08:00,,0.0,48
2015-01-08 00:00:00-08:00,0.0,None,36,45,92,30.19,47,10,36,79,30.13,42,10,26,35,32.0,65,30.09,36,4.0,2015-01-08 00:00:00-08:00,,0.0,89
2015-01-09 00:00:00-08:00,0.0,None,34,42,70,30.13,49,10,33,63,30.09,46,10,20,33,32.0,56,30.04,42,10.0,2015-01-09 00:00:00-08:00,,0.0,89
2015-01-10 00:00:00-08:00,8.0,Rain,39,31,89,30.1,45,10,24,77,30.05,44,9,11,37,33.0,65,30.01,42,3.0,2015-01-10 00:00:00-08:00,,2015-04-05 00:00:00,90
2015-01-11 00:00:00-08:00,8.0,Rain,39,29,89,30.25,45,10,23,80,30.14,43,10,17,37,35.0,70,30.09,41,10.0,2015-01-11 00:00:00-08:00,,2015-04-05 00:00:00,89
2015-01-12 00:00:00-08:00,7.0,None,35,30,76,30.42,48,10,24,69,30.31,45,10,18,34,34.0,61,30.24,42,10.0,2015-01-12 00:00:00-08:00,,0.0,89
2015-01-13 00:00:00-08:00,0.0,None,35,35,76,30.45,49,10,26,67,30.38,46,10,16,34,31.0,58,30.28,42,10.0,2015-01-13 00:00:00-08:00,,0.0,82
2015-01-14 00:00:00-08:00,0.0,None,31,34,65,30.29,47,10,26,59,30.26,44,10,21,30,29.0,53,30.22,40,10.0,2015-01-14 00:00:00-08:00,,0.0,85
2015-01-15 00:00:00-08:00,6.0,Rain,42,44,93,30.24,44,10,33,77,30.07,42,9,22,35,30.0,60,29.89,40,6.0,2015-01-15 00:00:00-08:00,,0.28,85
2015-01-16 00:00:00-08:00,5.0,Rain,44,26,92,30.25,56,10,20,72,30.12,48,9,5,39,36.0,51,29.91,40,2.0,2015-01-16 00:00:00-08:00,,0.17,79
2015-01-17 00:00:00-08:00,7.0,Rain,55,38,93,30.15,60,10,30,82,29.92,51,6,16,41,35.0,70,29.75,42,2.0,2015-01-17 00:00:00-08:00,,1.64,89
2015-01-18 00:00:00-08:00,7.0,Rain,54,49,86,30.33,60,10,32,79,30.16,54,9,11,45,43.0,71,29.81,47,2.0,2015-01-18 00:00:00-08:00,,0.36,211
2015-01-19 00:00:00-08:00,4.0,Fog-Rain,45,10,96,30.46,53,10,8,81,30.42,45,6,1,40,36.0,66,30.33,37,0.0,2015-01-19 00:00:00-08:00,,0.01,348
2015-01-20 00:00:00-08:00,4.0,Fog,38,35,100,30.42,54,10,23,73,30.36,45,7,10,36,34.0,46,30.28,36,0.0,2015-01-20 00:00:00-08:00,,0.0,89
2015-01-21 00:00:00-08:00,1.0,None,34,35,56,30.3,54,10,28,51,30.27,51,10,21,33,31.0,46,30.24,47,10.0,2015-01-21 00:00:00-08:00,,0.0,91
2015-01-22 00:00:00-08:00,7.0,None,35,33,70,30.43,50,10,26,58,30.35,45,10,17,33,31.0,46,30.28,39,10.0,2015-01-22 00:00:00-08:00,,2015-04-05 00:00:00,93
2015-01-23 00:00:00-08:00,8.0,Rain,42,37,89,30.48,46,10,29,77,30.43,45,9,15,38,33.0,65,30.37,43,5.0,2015-01-23 00:00:00-08:00,,0.03,88
2015-01-24 00:00:00-08:00,5.0,Fog-Rain,54,11,100,30.38,63,10,9,86,30.3,54,7,1,47,41.0,72,30.23,44,0.0,2015-01-24 00:00:00-08:00,,2015-04-05 00:00:00,79
2015-01-25 00:00:00-08:00,5.0,Fog,50,24,100,30.23,58,10,18,86,30.15,50,4,3,45,41.0,72,29.96,42,0.0,2015-01-25 00:00:00-08:00,,0.0,82
2015-01-26 00:00:00-08:00,1.0,None,44,29,93,30.04,56,10,22,77,30.0,48,9,9,41,37.0,61,29.95,39,2.0,2015-01-26 00:00:00-08:00,,0.0,106
2015-01-27 00:00:00-08:00,7.0,None,48,11,96,30.27,52,10,9,87,30.14,45,6,3,44,36.0,77,30.01,38,2.0,2015-01-27 00:00:00-08:00,,0.01,92
2015-01-28 00:00:00-08:00,6.0,Fog-Rain,50,36,100,30.35,55,10,26,86,30.31,51,5,7,47,38.0,71,30.27,47,0.0,2015-01-28 00:00:00-08:00,,0.01,30
2015-01-29 00:00:00-08:00,0.0,None,38,40,76,30.32,48,10,31,69,30.29,46,10,23,35,34.0,61,30.25,43,10.0,2015-01-29 00:00:00-08:00,,0.0,90
2015-01-30 00:00:00-08:00,0.0,None,35,34,73,30.32,49,10,28,67,30.26,45,10,17,34,33.0,60,30.22,40,10.0,2015-01-30 00:00:00-08:00,,0.0,87
2015-01-31 00:00:00-08:00,1.0,Fog,35,38,96,30.24,48,10,30,78,30.19,40,8,16,33,30.0,60,30.11,32,0.0,2015-01-31 00:00:00-08:00,,0.0,70
2015-02-01 00:00:00-08:00,7.0,Rain,41,37,89,30.16,45,10,29,76,30.13,43,10,13,37,32.0,62,30.11,40,6.0,2015-02-01 00:00:00-08:00,,0.08,86
2015-02-02 00:00:00-08:00,6.0,Rain,47,33,96,30.08,60,10,26,77,30.0,51,8,10,43,40.0,57,29.93,41,3.0,2015-02-02 00:00:00-08:00,,0.31,97
2015-02-03 00:00:00-08:00,6.0,Rain,45,22,96,30.1,52,10,17,87,30.07,47,8,4,42,40.0,77,30.03,41,2.0,2015-02-03 00:00:00-08:00,,0.1,81
2015-02-04 00:00:00-08:00,4.0,Rain,42,35,86,30.08,52,10,28,76,29.93,49,10,20,41,40.0,66,29.74,46,9.0,2015-02-04 00:00:00-08:00,,0.01,88
2015-02-05 00:00:00-08:00,8.0,Rain,46,40,86,29.72,51,10,31,79,29.61,49,10,21,43,40.0,71,29.48,46,4.0,2015-02-05 00:00:00-08:00,,0.3,87
2015-02-06 00:00:00-08:00,7.0,Rain,52,28,93,29.55,59,10,22,83,29.48,54,9,9,48,46.0,72,29.42,49,5.0,2015-02-06 00:00:00-08:00,,0.49,86
2015-02-07 00:00:00-08:00,8.0,Rain,51,35,96,29.96,59,10,25,84,29.68,55,9,8,49,46.0,72,29.4,51,2.0,2015-02-07 00:00:00-08:00,,0.58,163
2015-02-08 00:00:00-08:00,4.0,Fog-Rain-Thunderstorm,48,34,93,29.97,57,10,26,77,29.81,51,8,14,44,42.0,61,29.57,44,0.0,2015-02-08 00:00:00-08:00,,0.16,98
2015-02-09 00:00:00-08:00,8.0,Rain,48,39,83,30.14,55,10,28,75,29.79,53,8,15,46,43.0,66,29.53,50,3.0,2015-02-09 00:00:00-08:00,,0.33,174
2015-02-10 00:00:00-08:00,4.0,Rain,47,23,86,30.34,57,10,17,78,30.26,53,10,5,45,44.0,64,30.17,48,10.0,2015-02-10 00:00:00-08:00,,2015-04-05 00:00:00,219
2015-02-11 00:00:00-08:00,1.0,None,45,31,89,30.23,56,10,25,75,30.19,51,10,14,43,41.0,61,30.14,45,10.0,2015-02-11 00:00:00-08:00,,2015-04-05 00:00:00,92
2015-02-12 00:00:00-08:00,0.0,None,44,20,89,30.28,64,10,15,68,30.24,53,10,4,41,38.0,46,30.2,41,10.0,2015-02-12 00:00:00-08:00,,0.0,102
2015-02-13 00:00:00-08:00,0.0,None,45,20,92,30.25,61,10,16,74,30.19,50,9,4,41,36.0,55,30.12,38,1.0,2015-02-13 00:00:00-08:00,,0.0,13
2015-02-14 00:00:00-08:00,6.0,None,47,11,96,30.38,60,10,9,74,30.34,51,10,2,44,39.0,51,30.27,41,5.0,2015-02-14 00:00:00-08:00,,0.0,216
2015-02-15 00:00:00-08:00,2.0,Fog,43,33,96,30.39,61,10,25,71,30.33,48,5,11,36,32.0,46,30.19,34,0.0,2015-02-15 00:00:00-08:00,,0.0,82
2015-02-16 00:00:00-08:00,0.0,None,33,34,52,30.23,61,10,25,40,30.19,55,10,19,31,26.0,28,30.14,48,10.0,2015-02-16 00:00:00-08:00,,0.0,94
2015-02-17 00:00:00-08:00,0.0,None,33,35,56,30.15,59,10,29,46,30.12,53,10,21,32,30.0,36,30.09,47,10.0,2015-02-17 00:00:00-08:00,,0.0,95
2015-02-18 00:00:00-08:00,6.0,None,45,31,80,30.29,57,10,23,63,30.25,48,10,6,37,32.0,46,30.15,38,10.0,2015-02-18 00:00:00-08:00,,0.0,97
2015-02-19 00:00:00-08:00,8.0,Rain,48,8,93,30.3,58,10,7,75,30.27,52,9,1,44,42.0,57,30.23,45,5.0,2015-02-19 00:00:00-08:00,,0.01,4
2015-02-20 00:00:00-08:00,6.0,Rain,47,12,100,30.32,57,10,8,78,30.28,51,7,2,44,40.0,55,30.24,44,1.0,2015-02-20 00:00:00-08:00,,2015-04-05 00:00:00,264
2015-02-21 00:00:00-08:00,3.0,None,41,29,92,30.38,61,10,21,60,30.26,48,8,5,34,20.0,27,30.22,35,1.0,2015-02-21 00:00:00-08:00,,0.0,72
2015-02-22 00:00:00-08:00,0.0,None,20,28,39,30.4,56,10,23,28,30.36,47,10,10,16,11.0,16,30.31,38,10.0,2015-02-22 00:00:00-08:00,,0.0,91
2015-02-23 00:00:00-08:00,0.0,None,23,30,44,30.42,56,10,24,34,30.38,47,10,15,19,15.0,24,30.35,38,10.0,2015-02-23 00:00:00-08:00,,0.0,93
2015-02-24 00:00:00-08:00,0.0,None,37,15,76,30.43,60,10,12,52,30.39,45,10,3,28,24.0,28,30.33,30,10.0,2015-02-24 00:00:00-08:00,,0.0,111
2015-02-25 00:00:00-08:00,8.0,Rain,45,9,96,30.46,52,10,7,81,30.39,47,8,1,42,37.0,66,30.29,42,2.0,2015-02-25 00:00:00-08:00,,0.03,112
2015-02-26 00:00:00-08:00,8.0,Rain,48,12,89,30.29,54,10,9,83,30.14,51,6,2,46,45.0,77,29.83,47,2.0,2015-02-26 00:00:00-08:00,,0.22,87
2015-02-27 00:00:00-08:00,8.0,Rain,47,22,93,29.83,55,10,17,80,29.75,50,7,7,44,37.0,66,29.71,45,2.0,2015-02-27 00:00:00-08:00,,0.52,119
2015-02-28 00:00:00-08:00,1.0,None,33,35,76,30.24,57,10,26,50,30.08,47,10,11,25,20.0,24,29.86,37,10.0,2015-02-28 00:00:00-08:00,,0.0,79
2015-03-01 00:00:00-08:00,0.0,None,37,25,70,30.26,58,10,20,47,30.12,47,10,5,28,19.0,24,29.96,35,10.0,2015-03-01 00:00:00-08:00,,0.0,76
2015-03-02 00:00:00-08:00,5.0,None,41,16,86,30.13,56,10,10,64,29.98,46,10,4,36,29.0,42,29.93,36,10.0,2015-03-02 00:00:00-08:00,,2015-04-05 00:00:00,295
2015-03-03 00:00:00-08:00,0.0,None,32,17,92,30.23,57,10,14,60,30.19,43,10,3,27,21.0,28,30.14,29,10.0,2015-03-03 00:00:00-08:00,,0.0,51
2015-03-04 00:00:00-08:00,0.0,None,32,9,85,30.29,59,10,8,57,30.25,44,10,3,29,25.0,28,30.22,29,10.0,2015-03-04 00:00:00-08:00,,0.0,69
2015-03-05 00:00:00-08:00,0.0,None,35,12,85,30.38,61,10,8,58,30.34,45,10,2,32,28.0,31,30.29,29,10.0,2015-03-05 00:00:00-08:00,,0.0,85
2015-03-06 00:00:00-08:00,0.0,None,41,11,92,30.41,66,10,9,63,30.36,50,10,3,37,32.0,34,30.3,34,10.0,2015-03-06 00:00:00-08:00,,0.0,67
2015-03-07 00:00:00-08:00,0.0,None,40,12,89,30.32,68,10,8,62,30.25,50,10,1,37,29.0,34,30.15,32,10.0,2015-03-07 00:00:00-08:00,,0.0,110
2015-03-08 00:00:00-08:00,0.0,None,41,12,92,30.21,69,10,9,62,30.14,51,10,3,37,31.0,31,30.05,32,10.0,2015-03-08 00:00:00-08:00,,0.0,50
2015-03-09 00:00:00-07:00,0.0,None,43,12,92,30.16,69,10,7,63,30.08,53,10,2,39,35.0,33,30.0,36,10.0,2015-03-09 00:00:00-07:00,,0.0,77
2015-03-10 00:00:00-07:00,1.0,None,44,20,92,29.99,68,10,16,63,29.88,52,10,3,39,34.0,34,29.79,36,6.0,2015-03-10 00:00:00-07:00,,0.0,237
2015-03-11 00:00:00-07:00,8.0,Rain,52,20,93,30.22,59,10,15,75,30.03,55,10,5,49,42.0,57,29.91,51,7.0,2015-03-11 00:00:00-07:00,,0.17,89
2015-03-12 00:00:00-07:00,5.0,None,52,24,93,30.44,69,10,17,65,30.33,61,10,3,49,41.0,37,30.23,52,9.0,2015-03-12 00:00:00-07:00,,0.0,67
2015-03-13 00:00:00-07:00,1.0,Rain,49,33,71,30.24,66,10,25,58,30.09,60,10,15,43,40.0,44,29.98,54,10.0,2015-03-13 00:00:00-07:00,,2015-04-05 00:00:00,93
2015-03-14 00:00:00-07:00,8.0,Rain,55,24,93,30.0,58,10,18,87,29.95,56,6,5,52,49.0,80,29.91,53,2.0,2015-03-14 00:00:00-07:00,,1.52,170
2015-03-15 00:00:00-07:00,8.0,Rain,51,49,96,30.17,63,10,37,76,29.88,55,8,11,48,41.0,56,29.68,47,2.0,2015-03-15 00:00:00-07:00,,0.81,160
2015-03-16 00:00:00-07:00,2.0,Fog,43,22,100,30.23,64,10,16,72,30.16,51,6,6,40,36.0,44,30.02,38,0.0,2015-03-16 00:00:00-07:00,,0.0,89
2015-03-17 00:00:00-07:00,7.0,Rain,49,24,89,30.24,59,10,18,72,30.13,52,9,5,44,37.0,54,30.02,45,2.0,2015-03-17 00:00:00-07:00,,0.18,106
2015-03-18 00:00:00-07:00,4.0,None,48,9,93,30.3,63,10,6,66,30.26,53,10,1,45,38.0,39,30.2,43,10.0,2015-03-18 00:00:00-07:00,,0.0,89
2015-03-19 00:00:00-07:00,0.0,None,46,13,89,30.2,67,10,10,67,30.12,54,10,4,42,38.0,44,30.02,40,10.0,2015-03-19 00:00:00-07:00,,0.0,89
2015-03-20 00:00:00-07:00,3.0,Rain,50,26,89,30.02,68,10,20,63,29.97,56,10,7,43,38.0,37,29.92,43,6.0,2015-03-20 00:00:00-07:00,,0.32,100
2015-03-21 00:00:00-07:00,5.0,Rain,49,27,83,30.15,61,10,20,66,30.09,54,10,8,44,40.0,49,29.99,47,10.0,2015-03-21 00:00:00-07:00,,2015-04-05 00:00:00,185
2015-03-22 00:00:00-07:00,7.0,Rain,48,22,83,30.04,58,10,17,77,30.0,53,10,8,44,40.0,71,29.98,47,10.0,2015-03-22 00:00:00-07:00,,0.04,100
2015-03-23 00:00:00-07:00,7.0,Rain,45,32,93,30.06,56,10,24,76,29.97,51,8,10,42,39.0,59,29.81,45,3.0,2015-03-23 00:00:00-07:00,,0.44,158
2015-03-24 00:00:00-07:00,8.0,Rain,46,26,86,30.28,57,10,20,71,30.11,51,9,6,42,38.0,55,29.77,44,2.0,2015-03-24 00:00:00-07:00,,0.12,232
2015-03-25 00:00:00-07:00,7.0,Rain,52,19,96,30.33,63,10,14,81,30.3,56,10,6,48,44.0,65,30.25,48,8.0,2015-03-25 00:00:00-07:00,,0.2,84
2015-03-26 00:00:00-07:00,1.0,None,53,12,93,30.31,73,10,9,65,30.22,61,10,3,48,42.0,37,30.09,48,10.0,2015-03-26 00:00:00-07:00,,0.0,67
2015-03-27 00:00:00-07:00,2.0,Rain,54,24,93,30.17,72,10,20,71,30.05,58,9,7,48,43.0,49,29.99,44,2.0,2015-03-27 00:00:00-07:00,,0.03,205
2015-03-28 00:00:00-07:00,5.0,None,46,24,83,30.4,62,10,18,63,30.32,56,10,7,43,37.0,42,30.18,50,10.0,2015-03-28 00:00:00-07:00,,2015-04-05 00:00:00,211
2015-03-29 00:00:00-07:00,1.0,None,45,9,92,30.34,69,10,8,62,30.24,56,10,3,42,37.0,32,30.14,42,10.0,2015-03-29 00:00:00-07:00,,0.0,60
2015-03-30 00:00:00-07:00,1.0,None,46,22,89,30.15,69,10,15,66,30.03,55,10,5,43,38.0,42,29.89,40,10.0,2015-03-30 00:00:00-07:00,,2015-04-05 00:00:00,129
2015-03-31 00:00:00-07:00,7.0,Rain-Thunderstorm,49,32,89,30.27,56,10,23,76,30.13,49,7,5,42,38.0,62,29.94,42,2.0,2015-03-31 00:00:00-07:00,,0.65,235
2015-04-01 00:00:00-07:00,7.0,Rain,42,23,96,30.35,54,10,15,84,30.32,48,9,3,41,39.0,71,30.29,41,4.0,2015-04-01 00:00:00-07:00,,0.14,174
2015-04-02 00:00:00-07:00,5.0,None,42,11,96,30.44,58,10,8,66,30.39,49,10,2,39,31.0,36,30.33,40,7.0,2015-04-02 00:00:00-07:00,,0.0,246
2015-04-03 00:00:00-07:00,5.0,Rain,45,17,92,30.32,54,10,12,73,30.23,44,9,4,39,33.0,54,30.18,34,3.0,2015-04-03 00:00:00-07:00,,0.22,101
2015-04-04 00:00:00-07:00,5.0,Fog,42,13,96,30.2,56,10,9,69,30.12,48,8,3,38,32.0,41,29.92,39,0.0,2015-04-04 00:00:00-07:00,,0.0,24
2015-04-05 00:00:00-07:00,4.0,Rain-Thunderstorm,42,31,89,29.9,59,10,23,77,29.75,48,9,4,38,33.0,38,29.65,36,3.0,2015-04-05 00:00:00-07:00,,0.17,124
